TRAPPIST-1,23:06:29.36,-05:02:29.2
HD 164509 b,+18:01:31.23,+00:06:16.58
CoRoT-3 b,19:28:13.265,+00:07:18.6
CoRoT-20 b,06:30:52.900,+00:13:36.8
HIP 116454 b,+23:35:49.42,+00:26:45.48
CoRoT-10 b,19:24:15.300,+00:44:46.0
WASP-71 b,01:57:03.208,+00:45:31.7
HD 5319 b,+00:55:01.40,+00:47:22.84
HD 5319 c,+00:55:01.40,+00:47:22.84
CoRoT-5 b,06:45:06.541,+00:48:54.8
WASP-37 b,14:47:46.560,+01:03:53.8
HD 38529 b,+05:46:34.96,+01:10:06.74
HD 38529 c,+05:46:34.96,+01:10:06.74
WASP-32 b,00:15:50.846,+01:12:00.7
CoRoT-2 b,19:27:06.496,+01:23:01.3
CoRoT-8 b,19:26:21.240,+01:25:35.2
GJ 328 b,+08:55:07.60,+01:32:56.57
HD 95089 b,+10:58:47.76,+01:43:45.59
WASP-84 b,08:44:25.713,+01:51:36.0
WASP-82 b,04:50:38.56,+01:53:38.1
omega Ser b,+15:50:17.53,+02:11:47.85
WASP-24 b,15:08:51.739,+02:20:35.9
HD 10442 b,01:41:53.142,+02:42:15.
HD 102195 b,+11:45:42.40,+02:49:18.31
HD 99492 b,+11:26:46.70,+03:00:21.11
HD 102329 b,+11:46:46.67,+03:28:27.62
HD 200964 b,+21:06:39.79,+03:48:10.79
HD 200964 c,+21:06:39.79,+03:48:10.79
HAT-P-26 b,14:12:37.537,+04:03:36.1
HD 175541 b,+18:55:40.89,+04:15:55.95
CoRoT-23 b,18:39:07.840,+04:21:28.0
HD 33636 b,+05:11:46.34,+04:24:13.94
HD 28678 b,+04:31:25.45,+04:34:31.15
HD 74156 b,+08:42:25.11,+04:34:42.91
HD 74156 c,+08:42:25.11,+04:34:42.91
HD 192699 b,+20:16:06.03,+04:34:51.31
HAT-P-41 b,19:49:17.439,+04:40:20.7
HAT-P-35 b,08:13:00.179,+04:47:13.3
GJ 1214 b,17:15:18.940,+04:57:49.7
HD 46375 b,+06:33:12.56,+05:27:47.38
CoRoT-27 b,18:33:59.0,+05:32:18.503
HD 159243 b,+17:33:21.58,+05:42:02.44
HD 159243 c,+17:33:21.58,+05:42:02.44
HAT-P-30 b,08:15:47.976,+05:50:12.3
CoRoT-11 b,18:42:44.950,+05:56:15.7
HAT-P-27 b,14:51:04.189,+05:56:50.5
HD 37605 b,+05:40:01.70,+06:03:40.24
HD 37605 c,+05:40:01.70,+06:03:40.24
CoRoT-9 b,18:43:08.810,+06:12:14.9
CoRoT-22 b,18:42:40.109,+06:13:08.
WASP-2 b,20:30:54.130,+06:25:46.3
GJ 179 b,+04:52:05.64,+06:28:38.25
CoRoT-6 b,18:44:17.406,+06:39:47.5
HD 171028 b,18:32:15.493,+06:56:44.7
CoRoT-25 b,18:39:00.123,+06:58:11.2
CoRoT-26 b,18:39:00.123,+06:58:11.2
HD 34445 b,+05:17:40.98,+07:21:13.34
WASP-104 b,10:42:24.584,+07:26:06.
HD 4313 b,+00:45:40.36,+07:50:42.02
HD 183263 b,+19:28:24.58,+08:21:29.28
HD 183263 c,+19:28:24.58,+08:21:29.28
xi Aql b,+19:54:14.82,+08:27:41.94
HD 220773 b,+23:26:27.43,+08:38:39.79
WASP-52 b,23:13:58.760,+08:45:40.6
bet Cnc b,+08:16:30.95,+09:11:08.39
GJ 504 b,+13:16:46.71,+09:25:25.29
HD 128311 b,+14:36:00.44,+09:44:49.65
HD 128311 c,+14:36:00.44,+09:44:49.65
WASP-38 b,16:15:50.364,+10:01:57.3
HD 106252 b,+12:13:29.50,+10:02:32.34
18 Del b,+20:58:25.96,+10:50:21.73
HD 45652 b,+06:29:13.07,+10:56:02.56
HD 196885 b,+20:39:51.85,+11:14:58.01
M 67 SAND 364 b,08:49:56.82,+11:41:33.00
HD 170469 b,+18:29:11.01,+11:41:43.96
M 67 YBP 1194 b,08:51:00.81,+11:48:52.76
M 67 YBP 1514 b,08:51:00.77,+11:53:11.51
HD 152581 b,+16:53:43.58,+11:58:25.62
HD 31253 b,+04:54:43.60,+12:21:08.27
HD 89307 b,+10:18:21.45,+12:37:16.33
PSR B1257+12 A,13:00:03.577,+12:40:56.4
PSR B1257+12 B,13:00:03.577,+12:40:56.4
PSR B1257+12 C,13:00:03.577,+12:40:56.4
NN Ser c,15:52:56.131,+12:54:44.6
NN Ser d,15:52:56.131,+12:54:44.6
HD 73534 b,+08:39:15.87,+12:57:38.17
HD 75784 b,+08:52:24.01,+13:14:01.14
70 Vir b,+13:28:25.95,+13:46:48.68
HD 1502 b,+00:19:17.02,+14:03:17.27
HD 102272 b,+11:46:23.54,+14:07:26.29
HAT-P-24 b,07:15:18.020,+14:15:45.3
BD +14 4559 b,+21:13:35.85,+14:41:21.78
HD 285507 b,+04:07:01.15,+15:20:06.28
GJ 3470 b,07:59:05.870,+15:23:29.5
HD 142245 b,+15:52:56.31,+15:25:50.73
HD 210702 b,+22:11:51.33,+16:02:26.15
HD 231701 b,+19:32:04.12,+16:28:27.31
HAT-P-23 b,20:24:29.724,+16:45:43.7
tau Boo b,+13:47:16.04,+17:27:24.39
HD 24040 b,+03:50:22.90,+17:28:37.13
HD 114762 b,+13:12:20.10,+17:31:01.66
11 Com b,12:20:43.093,+17:47:33.55
HAT-P-39 b,07:35:01.979,+17:49:48.3
HAT-P-34 b,20:12:46.885,+18:06:17.4
HD 88133 b,+10:10:07.68,+18:11:15.04
HD 131496 b,+14:53:23.00,+18:14:07.76
WASP-21 b,23:09:58.254,+18:23:45.8
HD 219828 b,+23:18:46.74,+18:38:44.57
HD 195019 b,+20:28:18.42,+18:46:10.68
GJ 176 b,+04:42:55.37,+18:57:39.17
epsilon Tau b,+04:28:36.93,+19:10:49.88
Pr 211 b,08:42:11.492,+19:16:37.3
TYC 1422-614-1 b,10:17:06.674,+19:33:30.
TYC 1422-614-1 c,10:17:06.674,+19:33:30.
gamma Leo A b,+10:19:58.16,+19:50:30.70
BD +20 2457 b,10:16:44.863,+19:53:28.9
BD +20 2457 c,10:16:44.863,+19:53:28.9
HD 10697 b,+01:44:55.85,+20:05:00.26
Pr 201 b,08:41:43.823,+20:13:36.8
HD 5891 b,+01:00:33.19,+20:17:33.30
HD 81040 b,+09:23:47.18,+20:21:51.72
HD 100655 b,+11:35:03.79,+20:26:29.57
HD 4203 b,+00:44:41.12,+20:26:57.22
HD 37124 b,+05:37:02.54,+20:43:54.51
HD 37124 c,+05:37:02.54,+20:43:54.51
HD 37124 d,+05:37:02.54,+20:43:54.51
51 Peg b,+22:57:27.85,+20:46:07.26
HIP 14810 b,+03:11:14.23,+21:05:50.96
HIP 14810 c,+03:11:14.23,+21:05:50.96
HIP 14810 d,+03:11:14.23,+21:05:50.96
HR 8799 b,+23:07:28.65,+21:08:03.74
HR 8799 c,+23:07:28.65,+21:08:03.74
HR 8799 d,+23:07:28.65,+21:08:03.74
HR 8799 e,+23:07:28.65,+21:08:03.74
HD 208527 b,+21:56:23.98,+21:14:23.36
HD 3651 b,+00:39:22.09,+21:15:04.95
WASP-14 b,14:33:06.355,+21:53:40.9
HD 108863 b,+12:30:19.96,+21:56:53.97
HD 189733 b,+20:00:43.71,+22:42:41.26
HD 108874 b,+12:30:26.80,+22:52:48.16
HD 108874 c,+12:30:26.80,+22:52:48.16
WASP-56 b,12:13:27.906,+23:03:20.3
HD 79498 b,+09:15:09.48,+23:22:33.34
alpha Ari b,+02:07:10.29,+23:27:46.00
HD 50554 b,+06:54:42.85,+24:14:44.85
HAT-P-20 b,07:27:39.949,+24:20:11.3
30 Ari B b,+02:36:57.64,+24:38:53.14
HD 116029 b,+13:20:39.55,+24:38:55.77
WASP-59 b,23:18:29.540,+24:53:21.4
HAT-P-25 b,03:13:44.500,+25:11:50.6
HD 12661 b,+02:04:34.36,+25:24:53.03
HD 12661 c,+02:04:34.36,+25:24:53.03
HAT-P-54 b,06:39:35.520,+25:28:57.
HD 97658 b,+11:14:33.23,+25:42:36.96
GJ 649 b,+16:58:08.92,+25:44:43.42
HD 177830 b,+19:05:20.80,+25:55:14.83
mu Leo b,+09:52:45.96,+26:00:25.51
HD 164922 b,+18:02:30.61,+26:18:52.08
HAT-P-31 b,18:06:09.053,+26:25:35.9
HAT-P-49 b,20:21:45.928,+26:41:33.6
GJ 436 b,+11:42:10.51,+26:42:30.77
HD 145457 b,+16:10:03.93,+26:44:33.57
epsilon CrB b,+15:57:35.30,+26:52:40.89
HD 158038 b,+17:25:45.40,+27:18:12.54
beta Gem b,+07:45:19.36,+28:01:34.72
HD 188015 b,+19:52:04.51,+28:06:02.15
XO-1 b,16:02:11.840,+28:10:10.4
HD 190228 b,+20:03:00.70,+28:18:25.30
55 Cnc b,+08:52:36.13,+28:19:53.00
55 Cnc c,+08:52:36.13,+28:19:53.00
55 Cnc d,+08:52:36.13,+28:19:53.00
55 Cnc e,+08:52:36.13,+28:19:53.00
55 Cnc f,+08:52:36.13,+28:19:53.00
HD 185269 b,+19:37:11.76,+28:30:00.22
HD 8574 b,+01:25:12.35,+28:34:01.48
HD 156668 b,+17:17:40.54,+29:13:36.12
HD 9446 b,+01:33:20.06,+29:15:55.01
HD 9446 c,+01:33:20.06,+29:15:55.01
omicron CrB b,+15:20:08.64,+29:36:58.72
WASP-12 b,06:30:32.794,+29:40:20.2
HD 190360 b,+20:03:36.95,+29:53:53.09
HD 190360 c,+20:03:36.95,+29:53:53.09
HAT-P-17 b,21:38:08.732,+30:29:19.4
KELT-6 b,13:03:55.648,+30:38:24.1
KELT-2 A b,+06:10:39.33,+30:57:25.73
HIP 57274 b,+11:44:40.98,+30:57:36.79
HIP 57274 c,+11:44:40.98,+30:57:36.79
HIP 57274 d,+11:44:40.98,+30:57:36.79
HD 1605 b,+00:20:31.46,+30:58:28.79
HD 1605 c,+00:20:31.46,+30:58:28.79
WASP-60 b,23:46:39.984,+31:09:21.4
WASP-10 b,23:15:58.299,+31:27:46.2
HD 67087 b,+08:07:39.77,+31:33:05.07
HD 22781 b,+03:40:49.50,+31:49:35.47
HD 180314 b,+19:14:50.18,+31:51:37.08
WASP-1 b,00:20:40.077,+31:59:23.7
HAT-P-38 b,02:21:31.920,+32:14:46.8
HD 13189 b,+02:09:40.17,+32:18:59.12
HAT-P-18 b,17:05:23.151,+33:00:44.9
HD 75898 b,+08:53:50.87,+33:03:24.77
rho CrB b,+16:01:02.80,+33:18:19.40
KELT-7 b,+05:13:10.92,+33:19:05.83
HD 155358 b,+17:09:34.77,+33:21:22.97
HD 155358 c,+17:09:34.77,+33:21:22.97
HAT-P-33 b,07:32:44.218,+33:50:06.1
WASP-13 b,09:20:24.702,+33:52:56.6
HD 5608 b,+00:58:14.19,+33:57:03.81
HD 87883 b,+10:08:43.18,+34:14:32.66
HD 187123 b,+19:46:58.01,+34:25:11.37
HD 187123 c,+19:46:58.01,+34:25:11.37
HD 178911 B b,+19:09:03.06,+34:35:57.73
HAT-P-19 b,00:38:04.012,+34:42:41.5
HAT-P-28 b,00:52:00.186,+34:43:42.2
HD 82886 b,+09:35:45.17,+34:46:50.98
HAT-P-8 b,22:52:09.862,+35:26:49.5
kappa CrB b,+15:51:13.94,+35:39:29.62
WASP-3 b,18:34:31.625,+35:39:41.5
HAT-P-4 b,15:19:57.92,+36:13:46.7
WTS-1 b,19:35:58.37,+36:17:25.17
HD 173416 b,+18:43:36.09,+36:33:23.27
Kepler-75 b,19:24:33.022,+36:34:38.5
HAT-P-5 b,18:17:37.299,+36:37:16.8
TrES-1 b,19:04:09.844,+36:37:57.5
WTS-2 b,19:34:55.871,+36:48:55.
HAT-P-9 b,07:20:40.479,+37:08:26.1
TrES-4 b,17:53:13.058,+37:12:42.3
Kepler-262 b,+19:22:54.88,+37:15:09.54
Kepler-262 c,+19:22:54.88,+37:15:09.54
Kepler-264 b,+19:28:10.70,+37:22:34.46
Kepler-264 c,+19:28:10.70,+37:22:34.46
TrES-3 b,17:52:07.020,+37:32:46.2
WASP-33 b,+02:26:51.06,+37:33:01.81
Kepler-263 b,+19:29:52.73,+37:34:04.04
Kepler-263 c,+19:29:52.73,+37:34:04.04
Kepler-261 b,+19:25:27.55,+37:36:33.01
Kepler-261 c,+19:25:27.55,+37:36:33.01
Kepler-356 b,+19:29:41.06,+37:40:58.15
Kepler-356 c,+19:29:41.06,+37:40:58.15
Kepler-156 b,+19:21:11.16,+37:44:58.16
Kepler-156 c,+19:21:11.16,+37:44:58.16
Kepler-19 b,19:21:41.002,+37:51:06.4
Kepler-98 b,19:02:38.797,+37:57:52.2
Kepler-260 b,+19:27:42.23,+38:00:50.83
Kepler-260 c,+19:27:42.23,+38:00:50.83
Kepler-268 b,+19:27:54.29,+38:03:18.29
Kepler-268 c,+19:27:54.29,+38:03:18.29
Kepler-323 b,+19:25:31.73,+38:07:38.89
Kepler-323 c,+19:25:31.73,+38:07:38.89
HAT-P-14 b,17:20:27.874,+38:14:31.9
Kepler-405 b,+19:25:38.28,+38:20:24.07
Kepler-405 c,+19:25:38.28,+38:20:24.07
Kepler-24 b,19:21:39.184,+38:20:37.5
Kepler-24 c,19:21:39.184,+38:20:37.5
Kepler-24 d,+19:21:39.17,+38:20:37.50
Kepler-24 e,+19:21:39.17,+38:20:37.50
Kepler-167 b,+19:30:38.02,+38:20:43.40
Kepler-167 c,+19:30:38.02,+38:20:43.40
HD 149026 b,+16:30:29.68,+38:20:49.85
Kepler-383 b,+19:25:22.22,+38:21:47.27
Kepler-383 c,+19:25:22.22,+38:21:47.27
Kepler-149 b,+19:03:24.88,+38:23:02.83
Kepler-149 c,+19:03:24.88,+38:23:02.83
Kepler-149 d,+19:03:24.88,+38:23:02.83
Kepler-9 b,19:02:17.756,+38:24:03.1
Kepler-9 c,19:02:17.756,+38:24:03.1
Kepler-9 d,19:02:17.756,+38:24:03.1
Kepler-376 b,+19:26:25.73,+38:24:37.40
Kepler-376 c,+19:26:25.73,+38:24:37.40
Kepler-274 b,+19:31:41.45,+38:28:38.21
Kepler-274 c,+19:31:41.45,+38:28:38.21
Kepler-234 b,+19:26:36.85,+38:29:40.78
Kepler-234 c,+19:26:36.85,+38:29:40.78
Kepler-275 b,+19:29:55.14,+38:30:53.71
Kepler-275 c,+19:29:55.14,+38:30:53.71
Kepler-275 d,+19:29:55.14,+38:30:53.71
HD 16760 b,+02:42:21.25,+38:37:08.17
Kepler-371 b,+19:29:18.35,+38:39:27.29
Kepler-371 c,+19:29:18.35,+38:39:27.29
Kepler-93 b,19:25:40.3,+38:40:20
HAT-P-1 b,22:57:46.825,+38:40:29.8
Kepler-198 b,+19:22:41.56,+38:41:27.64
Kepler-198 c,+19:22:41.56,+38:41:27.64
Kepler-278 b,+19:20:25.73,+38:42:08.03
Kepler-278 c,+19:20:25.73,+38:42:08.03
Kepler-146 b,+19:36:26.57,+38:42:36.83
Kepler-146 c,+19:36:26.57,+38:42:36.83
Kepler-21 b,+19:09:26.81,+38:42:50.21
Kepler-377 b,+19:41:41.28,+38:44:08.48
Kepler-377 c,+19:41:41.28,+38:44:08.48
Kepler-135 b,+19:21:58.82,+38:47:43.73
Kepler-135 c,+19:21:58.82,+38:47:43.73
Kepler-157 b,+19:24:23.33,+38:52:32.20
Kepler-157 c,+19:24:23.33,+38:52:32.20
Kepler-379 b,+19:42:48.28,+38:56:44.99
Kepler-379 c,+19:42:48.28,+38:56:44.99
Kepler-30 b,19:01:08.076,+38:56:50.2
Kepler-30 c,19:01:08.076,+38:56:50.2
Kepler-30 d,19:01:08.076,+38:56:50.2
HD 45350 b,+06:28:45.74,+38:57:47.13
Kepler-317 b,+19:39:46.55,+39:01:55.42
Kepler-317 c,+19:39:46.55,+39:01:55.42
Kepler-276 b,+19:34:16.36,+39:02:10.75
Kepler-147 b,+19:11:54.17,+39:05:13.85
Kepler-147 c,+19:11:54.17,+39:05:13.85
XO-5 b,07:46:51.959,+39:05:40.4
Kepler-58 b,19:45:26.077,+39:06:54.6
Kepler-58 c,19:45:26.077,+39:06:54.6
Kepler-58 d,+19:45:26.06,+39:06:54.68
14 And b,+23:31:17.20,+39:14:11.05
KOI-4427 b,+19:40:28.14,+39:16:26.72
Kepler-235 b,+19:04:18.98,+39:16:41.95
Kepler-235 c,+19:04:18.98,+39:16:41.95
Kepler-235 d,+19:04:18.98,+39:16:41.95
Kepler-235 e,+19:04:18.98,+39:16:41.95
Kepler-442 b,+19:01:27.98,+39:16:48.30
Kepler-331 b,+19:27:20.23,+39:18:26.50
Kepler-331 c,+19:27:20.23,+39:18:26.50
Kepler-331 d,+19:27:20.23,+39:18:26.50
Kepler-183 b,+19:34:07.39,+39:18:57.20
Kepler-183 c,+19:34:07.39,+39:18:57.20
Kepler-120 b,+19:11:34.01,+39:20:20.87
Kepler-120 c,+19:11:34.01,+39:20:20.87
HAT-P-15 b,04:24:59.534,+39:27:38.3
Kepler-25 b,19:06:33.220,+39:29:16.3
Kepler-25 c,19:06:33.220,+39:29:16.3
Kepler-288 b,+19:15:39.96,+39:35:40.96
Kepler-288 c,+19:15:39.96,+39:35:40.96
Kepler-288 d,+19:15:39.96,+39:35:40.96
Kepler-76 b,19:36:46.108,+39:37:08.4
Kepler-121 b,+19:04:38.89,+39:40:40.80
Kepler-121 c,+19:04:38.89,+39:40:40.80
Kepler-350 b,+19:01:40.69,+39:42:22.00
Kepler-319 b,+19:15:14.87,+39:46:14.38
Kepler-319 c,+19:15:14.87,+39:46:14.38
Kepler-319 d,+19:15:14.87,+39:46:14.38
Kepler-158 b,+18:56:07.73,+39:46:52.79
Kepler-158 c,+18:56:07.73,+39:46:52.79
Kepler-168 b,+19:38:50.42,+39:49:30.36
Kepler-168 c,+19:38:50.42,+39:49:30.36
Kepler-236 b,+18:55:27.95,+39:53:53.09
Kepler-236 c,+18:55:27.95,+39:53:53.09
Kepler-122 b,+19:24:26.86,+39:56:56.80
Kepler-122 c,+19:24:26.86,+39:56:56.80
Kepler-122 d,+19:24:26.86,+39:56:56.80
Kepler-122 e,+19:24:26.86,+39:56:56.80
PH-1 b,19:52:51.624,+39:57:18.36
Kepler-80 b,19:44:27.02,+39:58:43.6
Kepler-80 c,19:44:27.016,+39:58:43.6
Kepler-80 d,+19:44:27.02,+39:58:43.61
Kepler-80 e,+19:44:27.02,+39:58:43.61
Kepler-103 b,19:15:56.2,+40:03:52
Kepler-103 c,19:15:56.2,+40:03:52
Kepler-199 b,+19:42:14.26,+40:14:10.57
Kepler-199 c,+19:42:14.26,+40:14:10.57
Kepler-130 b,+19:13:48.14,+40:14:43.19
Kepler-130 d,+19:13:48.14,+40:14:43.19
Kepler-109 b,19:21:34.263,+40:17:05.6
Kepler-109 c,19:21:34.263,+40:17:05.6
Kepler-340 b,+19:43:44.04,+40:18:02.05
Kepler-340 c,+19:43:44.04,+40:18:02.05
Kepler-305 d,+19:56:53.84,+40:20:35.45
Kepler-398 b,+19:25:52.46,+40:20:37.86
Kepler-398 c,+19:25:52.46,+40:20:37.86
KELT-3 b,09:54:34.388,+40:23:16.9
Kepler-237 b,+18:52:53.15,+40:25:18.59
Kepler-237 c,+18:52:53.15,+40:25:18.59
47 UMa b,+10:59:28.22,+40:25:48.44
47 UMa c,+10:59:28.22,+40:25:48.44
Kepler-308 b,+19:43:08.44,+40:26:22.38
Kepler-308 c,+19:43:08.44,+40:26:22.38
Kepler-400 b,+19:23:46.68,+40:28:48.14
Kepler-400 c,+19:23:46.68,+40:28:48.14
Kepler-84 b,19:53:00.491,+40:29:45.8
Kepler-84 c,19:53:00.491,+40:29:45.8
Kepler-84 d,+19:53:00.49,+40:29:45.89
Kepler-84 e,+19:53:00.49,+40:29:45.89
Kepler-84 f,+19:53:00.49,+40:29:45.89
Kepler-150 b,+19:12:56.20,+40:31:15.24
Kepler-150 c,+19:12:56.20,+40:31:15.24
Kepler-150 d,+19:12:56.20,+40:31:15.24
Kepler-150 e,+19:12:56.20,+40:31:15.24
Kepler-96 b,19:48:16.713,+40:31:30.5
HD 23596 b,+03:48:00.33,+40:31:50.10
Kepler-348 b,+19:49:01.20,+40:32:54.13
Kepler-348 c,+19:49:01.20,+40:32:54.13
Kepler-304 b,+19:37:46.02,+40:33:27.32
Kepler-304 c,+19:37:46.02,+40:33:27.32
Kepler-304 d,+19:37:46.02,+40:33:27.32
Kepler-53 b,19:21:50.826,+40:33:44.8
Kepler-53 c,19:21:50.826,+40:33:44.8
Kepler-53 d,+19:21:50.83,+40:33:44.86
Kepler-425 b,19:21:25.923,+40:34:03.8
Kepler-428 b,19:22:19.613,+40:34:38.
Kepler-49 b,19:29:10.701,+40:35:30.4
Kepler-49 c,19:29:10.701,+40:35:30.4
Kepler-49 d,+19:29:10.72,+40:35:30.44
Kepler-49 e,+19:29:10.72,+40:35:30.44
Kepler-306 b,+19:14:09.28,+40:36:58.14
Kepler-306 c,+19:14:09.28,+40:36:58.14
Kepler-306 d,+19:14:09.28,+40:36:58.14
Kepler-306 e,+19:14:09.28,+40:36:58.14
Kepler-238 c,+19:11:35.30,+40:38:16.15
Kepler-238 d,+19:11:35.30,+40:38:16.15
Kepler-238 b,19:11:35.30,+40:38:16.16
Kepler-239 b,+19:36:48.53,+40:39:48.28
Kepler-239 c,+19:36:48.53,+40:39:48.28
Kepler-399 b,+19:58:00.41,+40:40:14.88
Kepler-399 c,+19:58:00.41,+40:40:14.88
Kepler-399 d,+19:58:00.41,+40:40:14.88
Kepler-240 b,+19:24:38.09,+40:45:00.97
Kepler-240 c,+19:24:38.09,+40:45:00.97
Kepler-338 b,+18:51:54.94,+40:47:03.66
Kepler-338 c,+18:51:54.94,+40:47:03.66
Kepler-338 d,+18:51:54.94,+40:47:03.66
HD 49674 b,+06:51:30.49,+40:52:05.00
Kepler-159 b,+19:48:16.85,+40:52:07.64
Kepler-159 c,+19:48:16.85,+40:52:07.64
Kepler-333 b,+19:29:08.66,+40:54:48.92
Kepler-333 c,+19:29:08.66,+40:54:48.92
Kepler-370 b,+19:28:41.09,+40:54:58.72
Kepler-370 c,+19:28:41.09,+40:54:58.72
Kepler-169 b,+19:03:59.98,+40:55:09.55
Kepler-169 c,+19:03:59.98,+40:55:09.55
Kepler-169 d,+19:03:59.98,+40:55:09.55
Kepler-169 e,+19:03:59.98,+40:55:09.55
Kepler-169 f,+19:03:59.98,+40:55:09.55
Kepler-131 b,19:14:07.402,+40:56:32.2
Kepler-131 c,19:14:07.402,+40:56:32.2
Kepler-48 b,19:56:33.411,+40:56:56.4
Kepler-48 c,19:56:33.411,+40:56:56.4
Kepler-48 d,19:56:33.411,+40:56:56.4
Kepler-433 b,19:50:22.473,+40:58:38.
Kepler-448 b,19:49:48.892,+41:00:39.
Kepler-151 b,+19:28:39.07,+41:01:23.66
Kepler-151 c,+19:28:39.07,+41:01:23.66
HAT-P-21 b,11:25:05.988,+41:01:40.6
HAT-P-2 b,+16:20:36.37,+41:02:53.36
Kepler-241 b,+19:31:39.14,+41:03:39.31
Kepler-241 c,+19:31:39.14,+41:03:39.31
Kepler-45 b,19:31:29.495,+41:03:51.3
Kepler-27 b,19:28:56.825,+41:05:09.1
Kepler-27 c,19:28:56.825,+41:05:09.1
Kepler-7 b,19:14:19.564,+41:05:23.3
HD 43691 b,+06:19:34.66,+41:05:32.77
Kepler-390 b,+19:26:30.91,+41:12:30.96
Kepler-390 c,+19:26:30.91,+41:12:30.96
HD 89744 b,+10:22:10.66,+41:13:47.52
Kepler-200 b,+18:57:38.38,+41:14:14.86
Kepler-200 c,+18:57:38.38,+41:14:14.86
Kepler-265 b,+19:22:02.50,+41:14:41.35
Kepler-265 c,+19:22:02.50,+41:14:41.35
Kepler-265 d,+19:22:02.50,+41:14:41.35
Kepler-265 e,+19:22:02.50,+41:14:41.35
Kepler-201 b,+19:34:30.25,+41:16:22.15
Kepler-201 c,+19:34:30.25,+41:16:22.15
Kepler-99 b,19:49:24.961,+41:18:00.1
Kepler-363 b,+18:52:46.09,+41:18:19.40
Kepler-363 c,+18:52:46.09,+41:18:19.40
Kepler-363 d,+18:52:46.09,+41:18:19.40
Kepler-202 b,+18:51:53.60,+41:19:19.24
Kepler-202 c,+18:51:53.60,+41:19:19.24
Kepler-336 b,+19:20:57.05,+41:19:52.97
Kepler-336 c,+19:20:57.05,+41:19:52.97
Kepler-336 d,+19:20:57.05,+41:19:52.97
Kepler-354 b,+19:03:00.36,+41:20:08.30
Kepler-354 c,+19:03:00.36,+41:20:08.30
Kepler-354 d,+19:03:00.36,+41:20:08.30
Kepler-132 b,+18:52:56.60,+41:20:34.94
Kepler-132 c,+18:52:56.60,+41:20:34.94
Kepler-132 d,+18:52:56.60,+41:20:34.94
Kepler-74 b,19:32:22.210,+41:21:19.8
Kepler-203 b,+19:48:21.60,+41:23:16.91
Kepler-203 c,+19:48:21.60,+41:23:16.91
Kepler-203 d,+19:48:21.60,+41:23:16.91
upsilon And b,+01:36:47.98,+41:24:22.99
upsilon And c,+01:36:47.98,+41:24:22.99
upsilon And d,+01:36:47.98,+41:24:22.99
Kepler-118 b,+19:56:51.14,+41:25:29.39
Kepler-118 c,+19:56:51.14,+41:25:29.39
Kepler-440 b,+19:01:23.99,+41:27:07.90
Kepler-170 b,+18:58:05.09,+41:37:46.56
Kepler-170 c,+18:58:05.09,+41:37:46.56
Kepler-444 b,+19:19:00.47,+41:38:10.10
Kepler-444 c,+19:19:00.47,+41:38:10.10
Kepler-444 d,+19:19:00.47,+41:38:10.10
Kepler-444 e,+19:19:00.47,+41:38:10.10
Kepler-444 f,+19:19:00.47,+41:38:10.10
HD 136418 b,+15:19:06.20,+41:44:01.13
Kepler-171 b,+19:47:05.24,+41:45:19.94
Kepler-171 c,+19:47:05.24,+41:45:19.94
Kepler-171 d,+19:47:05.24,+41:45:19.94
Kepler-353 b,+19:47:25.58,+41:45:29.45
Kepler-353 c,+19:47:25.58,+41:45:29.45
Kepler-204 b,+19:01:23.34,+41:45:42.91
Kepler-204 c,+19:01:23.34,+41:45:42.91
Kepler-269 b,+19:20:51.65,+41:46:33.49
Kepler-269 c,+19:20:51.65,+41:46:33.49
Kepler-242 b,+19:06:15.77,+41:48:30.24
Kepler-242 c,+19:06:15.77,+41:48:30.24
Kepler-172 b,+18:53:28.43,+41:49:18.70
Kepler-172 c,+18:53:28.43,+41:49:18.70
Kepler-172 d,+18:53:28.43,+41:49:18.70
Kepler-172 e,+18:53:28.43,+41:49:18.70
Kepler-206 b,+19:26:32.32,+41:50:01.90
Kepler-206 c,+19:26:32.32,+41:50:01.90
Kepler-206 d,+19:26:32.32,+41:50:01.90
Kepler-205 b,+19:01:08.90,+41:51:40.21
Kepler-205 c,+19:01:08.90,+41:51:40.21
Kepler-56 b,19:35:02.004,+41:52:18.7
Kepler-56 c,19:35:02.004,+41:52:18.7
Kepler-173 b,+19:38:35.20,+41:53:02.80
Kepler-173 c,+19:38:35.20,+41:53:02.80
Kepler-89 b,19:49:19.934,+41:53:28.0
Kepler-89 c,19:49:19.934,+41:53:28.0
Kepler-89 d,19:49:19.934,+41:53:28.0
Kepler-89 e,19:49:19.934,+41:53:28.0
Kepler-11 b,19:48:27.622,+41:54:32.8
Kepler-11 c,19:48:27.622,+41:54:32.8
Kepler-11 d,19:48:27.622,+41:54:32.8
Kepler-11 e,19:48:27.622,+41:54:32.8
Kepler-11 f,19:48:27.622,+41:54:32.8
Kepler-11 g,19:48:27.622,+41:54:32.8
Kepler-438 b,+18:46:34.99,+41:57:03.93
Kepler-152 b,+19:07:27.73,+41:59:20.69
Kepler-152 c,+19:07:27.73,+41:59:20.69
Kepler-100 b,19:25:32.6,+41:59:24
Kepler-100 c,19:25:32.636,+41:59:24.9
Kepler-243 b,+19:00:26.53,+42:02:02.26
Kepler-243 c,+19:00:26.53,+42:02:02.26
HD 16175 b,+02:37:01.94,+42:03:45.83
Kepler-314 b,+19:38:41.78,+42:04:32.09
Kepler-314 c,+19:38:41.78,+42:04:32.09
Kepler-196 b,+18:59:52.44,+42:04:45.12
Kepler-196 c,+18:59:52.44,+42:04:45.12
Kepler-207 b,+19:20:07.33,+42:09:57.78
Kepler-207 c,+19:20:07.33,+42:09:57.78
Kepler-207 d,+19:20:07.33,+42:09:57.78
Kepler-104 c,+19:10:25.10,+42:10:00.41
Kepler-104 d,+19:10:25.10,+42:10:00.41
Kepler-280 b,+19:25:33.71,+42:10:50.12
Kepler-280 c,+19:25:33.71,+42:10:50.12
Kepler-279 b,+19:09:33.88,+42:11:41.39
Kepler-359 b,+19:33:10.48,+42:11:46.86
Kepler-359 c,+19:33:10.48,+42:11:46.86
Kepler-359 d,+19:33:10.48,+42:11:46.86
HD 197037 b,+20:39:33.01,+42:14:56.72
Kepler-60 b,19:15:50.698,+42:15:54.0
Kepler-60 c,19:15:50.698,+42:15:54.0
Kepler-60 d,19:15:50.698,+42:15:54.0
Kepler-38 b,19:07:19.285,+42:16:45.1
Kepler-244 b,+19:08:58.24,+42:18:04.93
Kepler-244 c,+19:08:58.24,+42:18:04.93
Kepler-244 d,+19:08:58.24,+42:18:04.93
Kepler-20 e,19:10:47.524,+42:20:19.3
Kepler-20 f,19:10:47.524,+42:20:19.3
Kepler-20 b,19:10:47.524,+42:20:19.30
Kepler-20 c,19:10:47.524,+42:20:19.30
Kepler-20 d,19:10:47.524,+42:20:19.30
Kepler-374 b,+19:36:33.08,+42:22:13.80
Kepler-374 c,+19:36:33.08,+42:22:13.80
Kepler-374 d,+19:36:33.08,+42:22:13.80
Kepler-397 b,+19:43:34.57,+42:22:49.62
Kepler-397 c,+19:43:34.57,+42:22:49.62
Kepler-293 b,+19:05:25.94,+42:24:23.44
Kepler-293 c,+19:05:25.94,+42:24:23.44
Kepler-292 b,+19:43:03.86,+42:25:27.41
Kepler-292 c,+19:43:03.86,+42:25:27.41
Kepler-292 d,+19:43:03.86,+42:25:27.41
Kepler-292 e,+19:43:03.86,+42:25:27.41
Kepler-292 f,+19:43:03.86,+42:25:27.41
Kepler-28 b,19:28:32.887,+42:25:45.9
Kepler-28 c,19:28:32.887,+42:25:45.9
Kepler-343 b,+19:27:50.58,+42:25:58.84
Kepler-343 c,+19:27:50.58,+42:25:58.84
Kepler-245 b,+19:26:33.36,+42:26:10.75
Kepler-245 c,+19:26:33.36,+42:26:10.75
Kepler-245 d,+19:26:33.36,+42:26:10.75
Kepler-291 b,+19:11:39.91,+42:26:14.28
Kepler-291 c,19:11:39.91,+42:26:14.29
Kepler-8 b,18:45:09.148,+42:27:03.8
Kepler-312 b,+19:53:34.98,+42:27:35.10
Kepler-312 c,+19:53:34.98,+42:27:35.10
HAT-P-16 b,00:38:17.562,+42:27:47.2
HAT-P-6 b,23:39:05.806,+42:27:57.5
Kepler-61 b,19:41:13.08,+42:28:31.0
Kepler-208 b,+19:35:33.65,+42:31:40.69
Kepler-208 c,+19:35:33.65,+42:31:40.69
Kepler-208 d,+19:35:33.65,+42:31:40.69
Kepler-208 e,+19:35:33.65,+42:31:40.69
Kepler-136 b,+19:45:52.16,+42:35:55.64
Kepler-136 c,+19:45:52.16,+42:35:55.64
Kepler-46 b,19:17:04.499,+42:36:15.0
Kepler-46 c,19:17:04.499,+42:36:15.0
Kepler-209 b,+19:24:40.68,+42:38:26.92
Kepler-209 c,+19:24:40.68,+42:38:26.92
Kepler-351 b,+19:05:48.66,+42:39:28.37
Kepler-351 c,+19:05:48.66,+42:39:28.37
Kepler-119 b,+19:43:47.14,+42:39:32.11
Kepler-119 c,+19:43:47.14,+42:39:32.11
Kepler-246 b,+19:45:56.02,+42:39:48.35
Kepler-246 c,+19:45:56.02,+42:39:48.35
Kepler-290 b,+19:05:38.40,+42:40:53.58
Kepler-290 c,+19:05:38.40,+42:40:53.58
HIP 57050 b,+11:41:45.09,+42:45:07.89
Kepler-144 b,+18:47:39.77,+42:46:31.84
Kepler-144 c,+18:47:39.77,+42:46:31.84
Kepler-123 b,+19:47:59.68,+42:46:55.06
Kepler-123 c,+19:47:59.68,+42:46:55.06
Kepler-355 b,+19:03:11.88,+42:48:42.41
Kepler-355 c,+19:03:11.88,+42:48:42.41
Kepler-81 d,+19:34:32.88,+42:49:29.89
Kepler-81 b,19:34:32.87,+42:49:29.9
Kepler-81 c,19:34:32.87,+42:49:29.9
Kepler-160 b,+19:11:05.64,+42:52:09.41
Kepler-160 c,+19:11:05.64,+42:52:09.41
Kepler-289 d,19:49:51.682,+42:52:58.
Kepler-289 b,+19:49:51.67,+42:52:58.22
Kepler-289 c,+19:49:51.67,+42:52:58.22
Kepler-434 b,19:34:20.731,+42:55:44.
Kepler-82 b,19:31:29.61,+42:57:58.1
Kepler-82 c,19:31:29.61,+42:57:58.1
Kepler-82 d,+19:31:29.60,+42:57:58.10
Kepler-82 e,+19:31:29.60,+42:57:58.10
Kepler-137 b,+18:48:32.54,+43:02:20.76
Kepler-137 c,+18:48:32.54,+43:02:20.76
Kepler-247 b,+19:14:34.19,+43:02:21.44
Kepler-247 c,+19:14:34.19,+43:02:21.44
Kepler-247 d,+19:14:34.19,+43:02:21.44
Kepler-54 b,19:39:05.745,+43:03:22.6
Kepler-54 c,19:39:05.745,+43:03:22.6
Kepler-54 d,+19:39:05.76,+43:03:22.68
Kepler-184 b,+19:27:48.46,+43:04:28.96
Kepler-184 c,+19:27:48.46,+43:04:28.96
Kepler-184 d,+19:27:48.46,+43:04:28.96
Kepler-210 b,+19:30:00.83,+43:04:59.34
Kepler-210 c,+19:30:00.83,+43:04:59.34
Kepler-161 b,+19:22:03.97,+43:05:01.75
Kepler-161 c,+19:22:03.97,+43:05:01.75
Kepler-212 b,+19:10:28.99,+43:08:29.94
Kepler-212 c,+19:10:28.99,+43:08:29.94
Kepler-211 b,+19:01:45.41,+43:10:06.53
Kepler-211 c,+19:01:45.41,+43:10:06.53
Kepler-435 b,19:29:08.959,+43:11:50.
Kepler-112 b,+19:47:55.43,+43:12:35.10
Kepler-112 c,+19:47:55.43,+43:12:35.10
Kepler-431 b,18:44:26.900,+43:13:40.
Kepler-431 c,18:44:26.900,+43:13:40.
Kepler-431 d,18:44:26.900,+43:13:40.
Kepler-138 b,+19:21:31.57,+43:17:34.76
Kepler-402 b,+19:13:28.85,+43:21:16.60
Kepler-402 c,+19:13:28.85,+43:21:16.60
Kepler-402 d,+19:13:28.85,+43:21:16.60
Kepler-402 e,+19:13:28.85,+43:21:16.60
Kepler-315 b,+19:52:05.56,+43:21:48.67
Kepler-315 c,+19:52:05.56,+43:21:48.67
Kepler-392 b,+19:14:38.58,+43:22:05.09
Kepler-392 c,+19:14:38.58,+43:22:05.09
Kepler-341 b,+19:19:26.80,+43:28:21.97
Kepler-341 c,+19:19:26.80,+43:28:21.97
Kepler-341 d,+19:19:26.80,+43:28:21.97
Kepler-341 e,+19:19:26.80,+43:28:21.97
HAT-P-12 b,13:57:33.480,+43:29:36.7
Kepler-116 b,+19:38:58.09,+43:32:12.59
Kepler-116 c,+19:38:58.09,+43:32:12.59
Kepler-248 b,+19:32:14.75,+43:34:52.90
Kepler-248 c,+19:32:14.75,+43:34:52.90
Kepler-302 b,+19:37:16.07,+43:37:45.62
Kepler-302 c,+19:37:16.07,+43:37:45.62
Kepler-303 b,+18:52:32.52,+43:39:25.38
Kepler-303 c,+18:52:32.52,+43:39:25.38
Kepler-249 b,+19:47:56.40,+43:39:30.67
Kepler-249 c,+19:47:56.40,+43:39:30.67
Kepler-249 d,+19:47:56.40,+43:39:30.67
Kepler-83 d,+18:48:55.80,+43:39:56.27
Kepler-83 b,18:48:55.80,+43:39:56.3
Kepler-83 c,18:48:55.80,+43:39:56.3
Kepler-412 b,19:04:26.48,+43:40:51.46
Kepler-427 b,19:13:01.099,+43:42:17.5
Kepler-162 b,+19:49:06.92,+43:43:26.47
Kepler-162 c,+19:49:06.92,+43:43:26.47
HD 13931 b,+02:16:47.30,+43:46:24.39
HD 95127 b,+10:59:35.10,+43:48:52.17
14 Her b,+16:10:24.21,+43:49:06.13
Kepler-381 b,+19:00:43.88,+43:49:51.89
Kepler-381 c,+19:00:43.88,+43:49:51.89
Kepler-174 b,+19:09:45.40,+43:49:55.52
Kepler-174 c,+19:09:45.40,+43:49:55.52
Kepler-174 d,+19:09:45.40,+43:49:55.52
Kepler-176 b,+19:38:40.31,+43:51:11.74
Kepler-176 c,+19:38:40.31,+43:51:11.74
Kepler-176 d,+19:38:40.31,+43:51:11.74
Kepler-175 b,+19:18:12.78,+43:52:34.25
Kepler-175 c,+19:18:12.78,+43:52:34.25
Kepler-139 b,+18:49:34.07,+43:53:21.66
Kepler-139 c,+18:49:34.07,+43:53:21.66
Kepler-185 b,+18:49:52.36,+43:53:23.68
Kepler-185 c,+18:49:52.36,+43:53:23.68
Kepler-186 b,+19:54:36.65,+43:57:18.07
Kepler-186 c,+19:54:36.65,+43:57:18.07
Kepler-186 d,+19:54:36.65,+43:57:18.07
Kepler-186 e,+19:54:36.65,+43:57:18.07
Kepler-186 f,+19:54:36.65,+43:57:18.07
HD 99706 b,+11:28:30.18,+43:58:00.45
Kepler-357 b,+19:24:58.36,+44:00:31.39
Kepler-357 c,+19:24:58.36,+44:00:31.39
Kepler-357 d,+19:24:58.36,+44:00:31.39
GJ 15 A b,+00:18:20.54,+44:01:19.04
Kepler-55 b,19:00:40.401,+44:01:35.2
Kepler-55 c,19:00:40.401,+44:01:35.2
Kepler-55 d,+19:00:40.39,+44:01:35.26
Kepler-55 e,+19:00:40.39,+44:01:35.26
Kepler-55 f,+19:00:40.39,+44:01:35.26
Kepler-437 b,+19:49:23.374,+44:01:37.01
Kepler-439 b,+18:43:12.38,+44:02:02.40
Kepler-5 b,19:57:37.682,+44:02:06.1
HD 132563 B b,+14:58:21.57,+44:02:35.94
Kepler-327 b,+19:30:34.16,+44:05:15.61
Kepler-327 c,+19:30:34.16,+44:05:15.61
Kepler-327 d,+19:30:34.16,+44:05:15.61
Kepler-187 b,+19:59:11.15,+44:05:21.52
Kepler-187 c,+19:59:11.15,+44:05:21.52
Kepler-251 b,+19:46:15.89,+44:06:21.10
Kepler-251 c,+19:46:15.89,+44:06:21.10
Kepler-251 d,+19:46:15.89,+44:06:21.10
Kepler-251 e,+19:46:15.89,+44:06:21.10
Kepler-250 b,+19:18:22.75,+44:08:31.02
Kepler-250 c,+19:18:22.75,+44:08:31.02
Kepler-250 d,+19:18:22.75,+44:08:31.02
Kepler-321 b,+19:37:48.94,+44:08:45.49
Kepler-321 c,+19:37:48.94,+44:08:45.49
Kepler-266 b,+19:37:56.24,+44:10:00.88
Kepler-266 c,+19:37:56.24,+44:10:00.88
Kepler-316 b,+19:23:18.24,+44:11:02.80
Kepler-316 c,+19:23:18.24,+44:11:02.80
Kepler-126 b,+19:17:23.35,+44:12:30.64
Kepler-126 c,+19:17:23.35,+44:12:30.64
Kepler-126 d,+19:17:23.35,+44:12:30.64
HD 40979 b,+06:04:29.87,+44:15:38.93
Kepler-271 b,+18:52:00.70,+44:17:03.23
Kepler-271 c,+18:52:00.70,+44:17:03.23
Kepler-322 b,+18:45:23.72,+44:17:42.86
Kepler-322 c,+18:45:23.72,+44:17:42.86
HD 96127 b,+11:05:45.94,+44:18:05.63
Kepler-189 b,+19:10:15.53,+44:18:18.00
Kepler-189 c,+19:10:15.53,+44:18:18.00
Kepler-188 b,+18:45:07.13,+44:18:55.91
Kepler-188 c,+18:45:07.13,+44:18:55.91
Kepler-106 b,20:03:27.3,+44:20:15
Kepler-106 c,20:03:27.3,+44:20:15
Kepler-106 e,20:03:27.3,+44:20:15
Kepler-77 b,19:18:25.909,+44:20:43.5
Kepler-79 b,20:02:04.114,+44:22:53.4
Kepler-79 c,20:02:04.114,+44:22:53.4
Kepler-79 d,+20:02:04.13,+44:22:53.69
Kepler-79 e,+20:02:04.13,+44:22:53.69
Kepler-95 b,18:57:55.790,+44:23:52.9
Kepler-436 b,+20:06:53.0,+44:24:43.40
Kepler-270 b,+18:48:48.02,+44:25:20.28
Kepler-270 c,+18:48:48.02,+44:25:20.28
Kepler-78 b,19:34:57.989,+44:26:54.2
HD 216536 b,22:53:03.972,+44:28:39.
Kepler-37 b,18:56:14.306,+44:31:05.3
Kepler-37 c,18:56:14.306,+44:31:05.3
Kepler-37 d,18:56:14.306,+44:31:05.3
Kepler-252 b,+19:42:19.04,+44:32:45.46
Kepler-252 c,+19:42:19.04,+44:32:45.46
Kepler-388 b,+18:59:18.74,+44:36:31.43
Kepler-388 c,+18:59:18.74,+44:36:31.43
Kepler-349 b,+19:34:42.35,+44:36:56.09
Kepler-349 c,+19:34:42.35,+44:36:56.09
Kepler-42 b,19:28:52.556,+44:37:09.6
Kepler-42 c,19:28:52.556,+44:37:09.6
Kepler-42 d,19:28:52.556,+44:37:09.6
Kepler-34 b,19:45:44.597,+44:38:29.6
Kepler-213 b,+19:23:17.81,+44:38:49.85
Kepler-213 c,+19:23:17.81,+44:38:49.85
Kepler-57 b,19:34:33.908,+44:39:25.3
Kepler-57 c,19:34:33.908,+44:39:25.3
Kepler-111 b,+19:26:36.78,+44:41:17.77
Kepler-111 c,+19:26:36.78,+44:41:17.77
Kepler-190 b,+19:14:20.18,+44:44:01.68
Kepler-190 c,+19:14:20.18,+44:44:01.68
Kepler-18 b,19:52:19.067,+44:44:46.9
Kepler-18 c,19:52:19.067,+44:44:46.9
Kepler-18 d,19:52:19.067,+44:44:46.9
Kepler-281 b,+19:36:25.96,+44:46:14.52
Kepler-281 c,+19:36:25.96,+44:46:14.52
Kepler-360 b,+19:05:08.34,+44:46:53.58
Kepler-360 c,+19:05:08.34,+44:46:53.58
Kepler-384 b,+19:04:06.28,+44:46:58.33
Kepler-384 c,+19:04:06.28,+44:46:58.33
Kepler-282 b,+18:58:42.56,+44:47:51.65
Kepler-282 c,+18:58:42.56,+44:47:51.65
Kepler-330 b,+19:13:47.39,+44:48:06.05
Kepler-330 c,+19:13:47.39,+44:48:06.05
Kepler-253 b,+19:27:22.07,+44:51:29.12
Kepler-253 c,+19:27:22.07,+44:51:29.12
Kepler-253 d,+19:27:22.07,+44:51:29.12
Kepler-69 b,19:33:02.625,+44:52:08.0
Kepler-69 c,19:33:02.625,+44:52:08.0
Kepler-389 b,+19:27:50.40,+44:54:00.07
Kepler-389 c,+19:27:50.40,+44:54:00.07
HAT-P-36 b,12:33:03.909,+44:54:55.1
Kepler-446 b,18:49:00.051,+44:55:16.
Kepler-446 c,18:49:00.051,+44:55:16.
Kepler-446 d,18:49:00.051,+44:55:16.
Kepler-420 b,19:24:54.043,+44:55:38.
Kepler-214 b,+18:59:01.18,+44:57:21.71
Kepler-214 c,+18:59:01.18,+44:57:21.71
Kepler-406 b,19:27:23.531,+44:58:05.6
Kepler-406 c,19:27:23.531,+44:58:05.6
Kepler-421 b,18:53:01.637,+45:05:15.
Kepler-395 b,+19:34:02.68,+45:08:11.72
Kepler-395 c,+19:34:02.68,+45:08:11.72
Kepler-410 A b,18:52:36.163,+45:08:23.3
WASP-58 b,18:18:48.251,+45:10:19.1
Kepler-393 b,+19:23:58.85,+45:11:31.96
Kepler-393 c,+19:23:58.85,+45:11:31.96
Kepler-215 b,+19:39:53.64,+45:12:49.28
Kepler-215 c,+19:39:53.64,+45:12:49.28
Kepler-215 d,+19:39:53.64,+45:12:49.28
Kepler-215 e,+19:39:53.64,+45:12:49.28
Kepler-329 b,+19:57:04.32,+45:13:38.75
Kepler-329 c,+19:57:04.32,+45:13:38.75
Kepler-115 b,+19:50:50.86,+45:15:42.91
Kepler-115 c,19:50:50.86,+45:15:42.92
Kepler-85 b,19:23:53.62,+45:17:25.1
Kepler-85 c,19:23:53.62,+45:17:25.1
Kepler-85 d,+19:23:53.63,+45:17:25.15
Kepler-85 e,+19:23:53.63,+45:17:25.15
Kepler-191 b,+19:24:44.03,+45:19:23.41
Kepler-191 c,+19:24:44.03,+45:19:23.41
Kepler-404 b,+19:05:35.66,+45:20:36.71
Kepler-404 c,+19:05:35.66,+45:20:36.71
Kepler-62 b,18:52:51.059,+45:20:59.5
Kepler-62 c,18:52:51.059,+45:20:59.5
Kepler-62 d,18:52:51.059,+45:20:59.5
Kepler-62 e,18:52:51.059,+45:20:59.5
Kepler-62 f,18:52:51.059,+45:20:59.5
Kepler-295 b,+19:01:23.02,+45:22:04.01
Kepler-295 c,+19:01:23.02,+45:22:04.01
Kepler-295 d,+19:01:23.02,+45:22:04.01
Kepler-368 b,+19:27:31.21,+45:23:16.55
Kepler-368 c,+19:27:31.21,+45:23:16.55
Kepler-335 b,+19:44:15.43,+45:25:43.03
Kepler-335 c,+19:44:15.43,+45:25:43.03
HAT-P-40 b,22:22:03.098,+45:27:26.4
Kepler-192 b,+19:11:40.31,+45:35:34.33
Kepler-192 c,+19:11:40.31,+45:35:34.33
HD 81688 b,+09:28:39.99,+45:36:06.46
Kepler-387 b,+19:11:11.58,+45:39:24.16
Kepler-387 c,+19:11:11.58,+45:39:24.16
Kepler-44 b,20:00:24.564,+45:45:43.7
Kepler-254 b,+19:12:39.53,+45:48:59.44
Kepler-254 c,+19:12:39.53,+45:48:59.44
Kepler-254 d,+19:12:39.53,+45:48:59.44
Kepler-31 b,19:36:05.523,+45:51:11.0
Kepler-31 c,19:36:05.523,+45:51:11.0
Kepler-31 d,+19:36:05.51,+45:51:11.09
Kepler-382 b,+19:56:32.68,+45:52:11.75
Kepler-382 c,+19:56:32.68,+45:52:11.75
Kepler-345 b,+19:40:54.91,+45:58:15.67
Kepler-345 c,+19:40:54.91,+45:58:15.67
Kepler-255 b,+19:44:15.43,+45:58:36.62
Kepler-255 c,+19:44:15.43,+45:58:36.62
Kepler-41 b,19:38:03.175,+45:58:53.9
Kepler-326 b,+19:37:18.12,+46:00:08.10
Kepler-326 c,+19:37:18.12,+46:00:08.10
Kepler-326 d,+19:37:18.12,+46:00:08.10
Kepler-33 b,19:16:18.612,+46:00:18.7
Kepler-33 c,19:16:18.612,+46:00:18.7
Kepler-33 d,19:16:18.612,+46:00:18.7
Kepler-33 e,19:16:18.612,+46:00:18.7
Kepler-33 f,19:16:18.612,+46:00:18.7
Kepler-257 b,+19:49:15.85,+46:01:23.74
Kepler-257 c,+19:49:15.85,+46:01:23.74
Kepler-257 d,+19:49:15.85,+46:01:23.74
Kepler-127 b,+19:00:45.61,+46:01:40.66
Kepler-127 c,+19:00:45.61,+46:01:40.66
Kepler-127 d,+19:00:45.61,+46:01:40.66
Kepler-39 b,19:47:50.468,+46:02:03.4
Kepler-352 b,+19:59:35.16,+46:03:07.09
Kepler-352 c,+19:59:35.16,+46:03:07.09
Kepler-294 b,+19:09:34.09,+46:03:33.52
Kepler-294 c,+19:09:34.09,+46:03:33.52
Kepler-108 b,+19:38:14.21,+46:03:44.39
Kepler-108 c,+19:38:14.21,+46:03:44.39
Kepler-256 b,+19:30:19.30,+46:05:50.60
Kepler-256 c,+19:30:19.30,+46:05:50.60
Kepler-256 d,+19:30:19.30,+46:05:50.60
Kepler-256 e,+19:30:19.30,+46:05:50.60
Kepler-346 b,+19:12:02.84,+46:07:03.40
Kepler-346 c,+19:12:02.84,+46:07:03.40
Kepler-216 b,+19:34:54.73,+46:07:44.94
Kepler-216 c,+19:34:54.73,+46:07:44.94
Kepler-320 b,+19:32:51.25,+46:10:30.47
Kepler-320 c,+19:32:51.25,+46:10:30.47
Kepler-218 b,+19:41:39.08,+46:15:59.29
Kepler-218 c,+19:41:39.08,+46:15:59.29
Kepler-105 c,+19:11:32.96,+46:16:34.46
Kepler-217 b,+19:32:09.06,+46:16:39.07
Kepler-217 c,+19:32:09.06,+46:16:39.07
Kepler-422 b,18:50:31.117,+46:19:24.0
Kepler-344 b,+19:29:59.93,+46:19:27.88
Kepler-344 c,+19:29:59.93,+46:19:27.88
Kepler-423 b,19:31:25.378,+46:23:28.2
Kepler-378 b,+19:39:47.66,+46:26:19.10
Kepler-378 c,+19:39:47.66,+46:26:19.10
Kepler-445 b,19:54:56.658,+46:29:54.
Kepler-445 c,19:54:56.658,+46:29:54.
Kepler-445 d,19:54:56.658,+46:29:54.
Kepler-26 b,18:59:45.839,+46:33:59.5
Kepler-26 c,18:59:45.839,+46:33:59.5
Kepler-26 d,+18:59:45.85,+46:33:59.54
Kepler-26 e,+18:59:45.85,+46:33:59.54
Kepler-32 b,19:51:22.177,+46:34:27.3
Kepler-32 c,19:51:22.177,+46:34:27.3
Kepler-32 d,19:51:22.177,+46:34:27.3
Kepler-32 e,19:51:22.177,+46:34:27.3
Kepler-32 f,19:51:22.177,+46:34:27.3
Kepler-193 b,+19:45:59.65,+46:34:38.06
Kepler-193 c,+19:45:59.65,+46:34:38.06
Kepler-258 b,+19:36:16.45,+46:34:45.59
Kepler-258 c,+19:36:16.45,+46:34:45.59
Kepler-259 b,+19:12:50.87,+46:36:54.00
Kepler-259 c,+19:12:50.87,+46:36:54.00
Kepler-59 b,19:08:09.481,+46:38:24.4
Kepler-59 c,19:08:09.481,+46:38:24.4
Kepler-43 b,19:00:57.810,+46:40:05.6
HAT-P-32 b,02:04:10.278,+46:41:16.2
Kepler-35 b,19:37:59.275,+46:41:23.1
Kepler-342 b,+19:30:42.73,+46:43:36.16
Kepler-342 c,+19:30:42.73,+46:43:36.16
Kepler-342 d,+19:30:42.73,+46:43:36.16
Kepler-361 b,+19:47:12.84,+46:44:28.14
Kepler-361 c,+19:47:12.84,+46:44:28.14
Kepler-403 b,+19:19:41.16,+46:44:40.42
Kepler-403 c,+19:19:41.16,+46:44:40.42
Kepler-219 b,+19:14:57.37,+46:45:45.22
Kepler-219 c,+19:14:57.37,+46:45:45.22
Kepler-219 d,+19:14:57.37,+46:45:45.22
Kepler-140 b,+19:09:28.69,+46:46:05.59
Kepler-140 c,+19:09:28.69,+46:46:05.59
Kepler-318 b,+19:53:55.86,+46:47:37.03
Kepler-318 c,+19:53:55.86,+46:47:37.03
Kepler-221 b,+19:46:37.13,+46:50:06.97
Kepler-221 c,+19:46:37.13,+46:50:06.97
Kepler-221 d,+19:46:37.13,+46:50:06.97
Kepler-221 e,+19:46:37.13,+46:50:06.97
Kepler-148 b,+19:19:08.69,+46:51:31.64
Kepler-148 c,+19:19:08.69,+46:51:31.64
KOI-13 b,19:07:53.107,+46:52:05.9
Kepler-220 b,+19:26:01.46,+46:53:44.66
Kepler-220 c,+19:26:01.46,+46:53:44.66
Kepler-220 d,+19:26:01.46,+46:53:44.66
Kepler-220 e,+19:26:01.46,+46:53:44.66
Kepler-178 b,+19:08:24.25,+46:53:47.33
Kepler-178 c,+19:08:24.25,+46:53:47.33
Kepler-178 d,+19:08:24.25,+46:53:47.33
Kepler-47 b,19:41:11.500,+46:55:13.6
Kepler-47 c,19:41:11.500,+46:55:13.6
Kepler-222 b,+19:11:37.46,+46:56:15.97
Kepler-222 c,+19:11:37.46,+46:56:15.97
Kepler-222 d,+19:11:37.46,+46:56:15.97
Kepler-309 b,+19:50:02.36,+46:57:40.54
Kepler-309 c,+19:50:02.36,+46:57:40.54
Kepler-87 b,19:51:40.0,+46:57:54
Kepler-87 c,19:51:40.0,+46:57:54
Kepler-310 b,+19:15:21.46,+46:59:12.26
Kepler-310 c,+19:15:21.46,+46:59:12.26
Kepler-310 d,+19:15:21.46,+46:59:12.26
Kepler-163 b,+19:40:00.66,+46:59:14.39
Kepler-163 c,+19:40:00.66,+46:59:14.39
HAT-P-44 b,14:12:34.567,+47:00:52.9
HD 154345 b,+17:02:36.30,+47:04:47.29
Kepler-311 b,+18:48:14.72,+47:05:07.76
Kepler-311 c,+18:48:14.72,+47:05:07.76
Kepler-334 b,+19:08:33.76,+47:06:54.68
Kepler-334 c,+19:08:33.76,+47:06:54.68
Kepler-334 d,+19:08:33.76,+47:06:54.68
Kepler-267 b,+19:59:19.28,+47:09:26.86
Kepler-267 c,+19:59:19.28,+47:09:26.86
Kepler-267 d,+19:59:19.28,+47:09:26.86
Kepler-337 b,+19:20:14.53,+47:09:50.26
Kepler-337 c,+19:20:14.53,+47:09:50.26
Kepler-102 b,18:45:55.8,+47:12:28
Kepler-102 d,18:45:55.8,+47:12:28
Kepler-102 e,18:45:55.8,+47:12:28
Kepler-102 f,18:45:55.8,+47:12:28
Kepler-223 b,+19:53:16.40,+47:16:46.16
Kepler-223 c,+19:53:16.40,+47:16:46.16
Kepler-223 d,+19:53:16.40,+47:16:46.16
Kepler-223 e,+19:53:16.40,+47:16:46.16
Kepler-14 b,19:10:50.110,+47:19:58.8
HAT-P-13 b,08:39:31.813,+47:21:07.3
HAT-P-13 c,08:39:31.813,+47:21:07.330
Kepler-224 b,+19:23:44.23,+47:21:27.36
Kepler-224 c,+19:23:44.23,+47:21:27.36
Kepler-224 d,+19:23:44.23,+47:21:27.36
Kepler-224 e,+19:23:44.23,+47:21:27.36
Kepler-364 b,+18:46:16.79,+47:23:55.28
Kepler-364 c,+18:46:16.79,+47:23:55.28
Kepler-332 b,+19:06:39.10,+47:24:49.32
Kepler-332 c,+19:06:39.10,+47:24:49.32
Kepler-332 d,+19:06:39.10,+47:24:49.32
Kepler-225 b,+19:28:46.56,+47:27:25.52
Kepler-225 c,+19:28:46.56,+47:27:25.52
Kepler-29 b,19:53:23.598,+47:29:28.4
Kepler-29 c,19:53:23.598,+47:29:28.4
Kepler-94 b,18:44:46.7,+47:29:49
Kepler-40 b,19:47:15.285,+47:31:35.5
Kepler-362 b,+19:27:05.18,+47:31:47.64
Kepler-362 c,+19:27:05.18,+47:31:47.64
Kepler-272 b,+19:56:30.59,+47:35:37.79
Kepler-272 c,+19:56:30.59,+47:35:37.79
Kepler-272 d,+19:56:30.59,+47:35:37.79
Kepler-125 b,+19:53:01.97,+47:36:17.78
Kepler-125 c,+19:53:01.97,+47:36:17.78
Kepler-164 b,+19:11:07.40,+47:37:47.68
Kepler-164 c,+19:11:07.40,+47:37:47.68
Kepler-164 d,+19:11:07.40,+47:37:47.68
Kepler-273 b,+19:25:12.54,+47:41:51.94
Kepler-273 c,+19:25:12.54,+47:41:51.94
Kepler-284 b,+19:32:35.16,+47:43:46.74
Kepler-284 c,+19:32:35.16,+47:43:46.74
Kepler-141 b,+19:51:53.03,+47:43:54.05
Kepler-141 c,+19:51:53.03,+47:43:54.05
Kepler-179 b,+19:54:39.31,+47:45:43.34
Kepler-179 c,+19:54:39.31,+47:45:43.34
Kepler-165 b,+18:42:45.83,+47:48:35.06
Kepler-165 c,+18:42:45.83,+47:48:35.06
Kepler-17 b,19:53:34.866,+47:48:54.0
Kepler-283 b,+19:34:27.30,+47:50:20.40
Kepler-283 c,+19:34:27.30,+47:50:20.40
Kepler-129 b,+19:01:14.70,+47:50:54.82
Kepler-129 c,+19:01:14.70,+47:50:54.82
Kepler-194 b,+19:27:53.14,+47:51:51.01
Kepler-194 c,+19:27:53.14,+47:51:51.01
Kepler-194 d,+19:27:53.14,+47:51:51.01
Kepler-226 b,+19:29:30.26,+47:52:51.56
Kepler-226 c,+19:29:30.26,+47:52:51.56
Kepler-226 d,+19:29:30.26,+47:52:51.56
Kepler-22 b,19:16:52.193,+47:53:03.9
Kepler-369 b,+19:34:41.81,+47:54:30.46
Kepler-369 c,+19:34:41.81,+47:54:30.46
Kepler-195 b,+19:12:29.02,+47:58:00.01
Kepler-195 c,+19:12:29.02,+47:58:00.01
HAT-P-7 b,19:28:59.362,+47:58:10.2
HAT-P-3 b,13:44:22.58,+48:01:43.2
Kepler-117 b,+19:15:10.33,+48:02:24.83
Kepler-117 c,+19:15:10.33,+48:02:24.83
Kepler-285 b,+19:25:33.82,+48:03:56.20
Kepler-285 c,+19:25:33.82,+48:03:56.20
HAT-P-11 b,+19:50:50.14,+48:04:49.06
Kepler-375 b,+19:14:28.28,+48:05:54.28
Kepler-375 c,+19:14:28.28,+48:05:54.28
Kepler-227 b,+19:27:44.21,+48:08:29.94
Kepler-227 c,+19:27:44.21,+48:08:29.94
Kepler-107 b,+19:48:06.77,+48:12:31.00
Kepler-107 c,+19:48:06.77,+48:12:31.00
Kepler-107 d,+19:48:06.77,+48:12:31.00
Kepler-107 e,+19:48:06.77,+48:12:31.00
Kepler-228 b,+19:45:08.68,+48:13:28.81
Kepler-228 c,+19:45:08.68,+48:13:28.81
Kepler-228 d,+19:45:08.68,+48:13:28.81
Kepler-6 b,19:47:20.941,+48:14:23.8
Kepler-153 b,+18:49:50.52,+48:15:25.63
Kepler-153 c,+18:49:50.52,+48:15:25.63
Kepler-358 b,+19:32:55.25,+48:16:52.93
Kepler-358 c,19:32:55.25,+48:16:52.93
Kepler-432 b,19:33:07.729,+48:17:09.
Kepler-432 c,19:33:07.729,+48:17:09.
Kepler-286 b,+19:22:42.28,+48:17:39.44
Kepler-286 c,+19:22:42.28,+48:17:39.44
Kepler-286 d,+19:22:42.28,+48:17:39.44
Kepler-286 e,+19:22:42.28,+48:17:39.44
Kepler-133 b,+19:49:06.71,+48:19:13.19
Kepler-133 c,+19:49:06.71,+48:19:13.19
Kepler-114 b,+19:36:29.12,+48:20:58.27
Kepler-101 b,18:53:01.32,+48:21:18.82
Kepler-101 c,+18:53:01.32,+48:21:18.83
Kepler-229 b,+19:07:59.88,+48:22:32.84
Kepler-229 c,+19:07:59.88,+48:22:32.84
Kepler-229 d,+19:07:59.88,+48:22:32.84
Kepler-287 b,+19:23:42.58,+48:26:36.78
Kepler-287 c,+19:23:42.58,+48:26:36.78
Kepler-339 b,+19:33:24.41,+48:26:40.70
Kepler-339 c,+19:33:24.41,+48:26:40.70
Kepler-339 d,+19:33:24.41,+48:26:40.70
Kepler-142 b,+19:40:28.52,+48:28:52.61
Kepler-142 c,+19:40:28.52,+48:28:52.61
Kepler-142 d,+19:40:28.52,+48:28:52.61
Kepler-230 b,+19:02:52.44,+48:30:21.10
Kepler-230 c,+19:02:52.44,+48:30:21.10
Kepler-447 b,19:01:04.46,+48:33:36.0
Kepler-424 b,19:54:29.974,+48:34:38.8
Kepler-424 c,19:54:29.974,+48:34:38.8
Kepler-299 b,+18:52:49.66,+48:34:49.80
Kepler-299 c,+18:52:49.66,+48:34:49.80
Kepler-299 d,+18:52:49.66,+48:34:49.80
Kepler-299 e,+18:52:49.66,+48:34:49.80
Kepler-300 b,+19:41:09.28,+48:35:58.99
Kepler-300 c,+19:41:09.28,+48:35:58.99
Kepler-110 b,+19:31:43.00,+48:36:10.12
Kepler-110 c,+19:31:43.00,+48:36:10.12
Kepler-97 b,19:09:18.390,+48:40:24.3
Kepler-386 b,+19:19:26.15,+48:41:37.86
Kepler-386 c,+19:19:26.15,+48:41:37.86
Kepler-380 b,+18:49:34.72,+48:45:32.90
Kepler-380 c,+18:49:34.72,+48:45:32.90
Kepler-313 b,+19:53:10.79,+48:46:31.66
Kepler-313 c,+19:53:10.79,+48:46:31.66
Kepler-297 b,+18:52:50.20,+48:46:39.50
Kepler-297 c,+18:52:50.20,+48:46:39.50
Kepler-298 b,+18:52:09.55,+48:49:31.30
Kepler-298 c,+18:52:09.55,+48:49:31.30
Kepler-298 d,+18:52:09.55,+48:49:31.30
Kepler-166 b,+19:32:38.44,+48:52:52.28
Kepler-166 c,+19:32:38.44,+48:52:52.28
HD 222155 b,+23:38:00.13,+48:59:48.52
Kepler-441 b,+18:58:16.05,+49:00:45.20
Kepler-68 b,19:24:07.764,+49:02:24.9
Kepler-68 c,19:24:07.764,+49:02:24.9
Kepler-68 d,19:24:07.764,+49:02:24.9
Kepler-124 b,+19:07:00.66,+49:03:53.68
Kepler-124 c,+19:07:00.66,+49:03:53.68
Kepler-124 d,+19:07:00.66,+49:03:53.68
Kepler-366 b,+19:47:24.50,+49:05:03.98
Kepler-366 c,+19:47:24.50,+49:05:03.98
Kepler-365 b,+19:42:30.38,+49:07:49.55
Kepler-365 c,+19:42:30.38,+49:07:49.55
Kepler-15 b,19:44:48.145,+49:08:24.3
Kepler-36 b,19:25:00.025,+49:13:54.7
Kepler-36 c,19:25:00.025,+49:13:54.7
Kepler-301 b,+18:55:55.92,+49:13:58.76
Kepler-301 c,+18:55:55.92,+49:13:58.76
Kepler-301 d,+18:55:55.92,+49:13:58.76
Kepler-372 b,+19:25:01.49,+49:15:32.22
Kepler-372 c,+19:25:01.49,+49:15:32.22
Kepler-372 d,+19:25:01.49,+49:15:32.22
KIC 11442793 b,18:57:44.038,+49:18:18.5
KIC 11442793 c,18:57:44.038,+49:18:18.5
KIC 11442793 d,18:57:44.038,+49:18:18.5
KIC 11442793 e,18:57:44.038,+49:18:18.5
KIC 11442793 f,18:57:44.038,+49:18:18.5
KIC 11442793 g,18:57:44.038,+49:18:18.5
KIC 11442793 h,18:57:44.038,+49:18:18.5
Kepler-347 b,+19:16:47.89,+49:18:20.59
Kepler-347 c,+19:16:47.89,+49:18:20.59
TrES-2 b,19:07:14.035,+49:18:59.0
Kepler-143 b,+19:52:16.25,+49:24:45.36
Kepler-143 c,+19:52:16.25,+49:24:45.36
Kepler-296 b,+19:06:09.61,+49:26:14.39
Kepler-296 c,+19:06:09.61,+49:26:14.39
Kepler-296 d,+19:06:09.61,+49:26:14.39
Kepler-296 e,+19:06:09.61,+49:26:14.39
Kepler-296 f,+19:06:09.61,+49:26:14.39
Kepler-426 b,19:17:44.311,+49:28:24.2
Kepler-23 d,+19:36:52.56,+49:28:45.19
Kepler-23 b,19:36:52.539,+49:28:45.2
Kepler-23 c,19:36:52.539,+49:28:45.2
Kepler-63 b,19:16:54.294,+49:32:53.5
Kepler-430 b,19:31:14.088,+49:34:45.
Kepler-430 c,19:31:14.088,+49:34:45.
BD +48 738 b,02:42:50.463,+49:35:13.0
Kepler-134 b,+18:58:57.36,+49:35:54.24
Kepler-134 c,+18:58:57.36,+49:35:54.24
Kepler-407 b,19:04:08.723,+49:36:52.2
Kepler-324 b,+19:05:53.16,+49:38:56.47
Kepler-324 c,+19:05:53.16,+49:38:56.47
HD 17092 b,02:46:22.115,+49:39:11.0
Kepler-180 b,+19:42:17.14,+49:46:28.49
Kepler-180 c,+19:42:17.14,+49:46:28.49
Kepler-325 b,+19:19:20.50,+49:49:32.27
Kepler-325 c,+19:19:20.50,+49:49:32.27
Kepler-325 d,+19:19:20.50,+49:49:32.27
Kepler-154 b,+19:19:07.32,+49:53:47.51
Kepler-154 c,+19:19:07.32,+49:53:47.51
Kepler-51 b,19:45:55.146,+49:56:15.6
Kepler-51 c,19:45:55.146,+49:56:15.6
Kepler-443 b,+19:14:26.53,+49:58:07.10
Kepler-52 b,19:06:57.128,+49:58:32.7
Kepler-52 c,19:06:57.128,+49:58:32.7
Kepler-52 d,+19:06:57.13,+49:58:32.70
Kepler-367 b,+19:49:10.16,+49:58:53.87
Kepler-367 c,+19:49:10.16,+49:58:53.87
Kepler-50 b,19:12:24.217,+50:02:01.4
Kepler-50 c,19:12:24.217,+50:02:01.4
Kepler-12 b,19:04:58.427,+50:02:25.2
Kepler-181 b,+19:44:36.35,+50:05:44.92
Kepler-181 c,+19:44:36.35,+50:05:44.92
HAT-P-22 b,10:22:43.589,+50:07:42.0
Kepler-4 b,19:02:27.677,+50:08:08.7
XO-2S b,07:48:07.477,+50:13:03.
XO-2S c,07:48:07.477,+50:13:03.
XO-2 b,07:48:06.468,+50:13:32.9
Kepler-10 b,19:02:43.063,+50:14:28.7
Kepler-10 c,19:02:43.063,+50:14:28.7
Kepler-385 b,+19:37:21.25,+50:20:11.54
Kepler-385 c,+19:37:21.25,+50:20:11.54
16 Cyg B b,+19:41:52.10,+50:31:04.51
Kepler-231 b,+19:35:53.59,+50:31:54.88
Kepler-231 c,+19:35:53.59,+50:31:54.88
Kepler-197 b,+19:40:54.34,+50:33:32.33
Kepler-197 c,+19:40:54.34,+50:33:32.33
Kepler-197 d,+19:40:54.34,+50:33:32.33
Kepler-197 e,+19:40:54.34,+50:33:32.33
Kepler-182 b,+19:19:19.24,+50:35:10.46
Kepler-182 c,+19:19:19.24,+50:35:10.46
Kepler-373 b,+19:17:33.11,+50:35:49.38
Kepler-373 c,+19:17:33.11,+50:35:49.38
HD 80606 b,+09:22:37.53,+50:36:13.34
Kepler-394 b,+19:45:12.46,+50:40:20.35
Kepler-394 c,+19:45:12.46,+50:40:20.35
Kepler-401 b,+19:20:19.86,+50:51:48.53
Kepler-401 c,+19:20:19.86,+50:51:48.53
Kepler-113 b,19:11:59.492,+50:56:39.6
Kepler-391 b,+19:22:29.24,+51:03:26.28
Kepler-391 c,+19:22:29.24,+51:03:26.28
Kepler-155 b,+19:13:59.02,+51:04:54.98
Kepler-155 c,+19:13:59.02,+51:04:54.98
Kepler-232 b,+19:43:15.89,+51:07:18.26
Kepler-232 c,+19:43:15.89,+51:07:18.26
Kepler-419 b,19:41:40.300,+51:11:05.
Kepler-419 c,19:41:40.300,+51:11:05.
HAT-P-37 b,18:57:11.058,+51:16:08.8
Kepler-233 b,+19:45:27.97,+51:19:10.27
Kepler-233 c,+19:45:27.97,+51:19:10.27
Kepler-16 b,19:16:18.175,+51:45:26.7
HAT-P-29 b,02:12:31.494,+51:46:43.5
PH-2 b,19:19:03.264,+51:57:45.36
HD 132406 b,+14:56:54.67,+53:22:58.26
HD 118203 b,+13:34:02.62,+53:43:43.39
HD 139357 b,+15:35:16.22,+53:55:19.70
HD 167042 b,+18:10:31.53,+54:17:09.43
HD 2952 b,+00:33:10.32,+54:53:42.29
WASP-48 b,19:24:38.984,+55:28:23.3
HD 163607 b,+17:53:40.57,+56:23:29.99
HD 163607 c,+17:53:40.57,+56:23:29.99
HD 240210 b,23:10:29.230,+57:01:46.0
HD 102956 b,+11:51:22.52,+57:38:26.80
XO-3 b,04:21:52.705,+57:49:01.8
HD 240237 b,+23:15:42.22,+58:02:35.71
XO-4 b,07:21:33.166,+58:16:05.0
iota Dra b,+15:24:55.78,+58:57:57.68
TrES-5 b,20:20:53.251,+59:26:55.6
omicron UMa b,+08:30:16.03,+60:43:06.35
HD 68988 b,+08:18:22.02,+61:27:38.32
HIP 91258 b,18:36:53.154,+61:42:09.0
HD 220074 b,+23:20:14.37,+61:58:12.51
HD 156279 b,+17:12:23.21,+63:21:06.13
HD 113337 b,+13:01:47.15,+63:36:36.59
4 UMa b,+08:40:12.90,+64:19:40.34
Qatar-1 b,20:13:31.615,+65:09:43.48
42 Dra b,+18:25:58.99,+65:33:48.77
HD 13908 b,+02:18:14.53,+65:35:40.03
HD 13908 c,+02:18:14.53,+65:35:40.03
GJ 687 b,+17:36:26.41,+68:20:32.02
HD 32518 b,+05:09:36.62,+69:38:22.40
HD 17156 b,+02:49:44.32,+71:45:11.92
11 UMi b,+15:17:05.88,+71:49:25.96
bet UMi b,+14:50:42.40,+74:09:19.71
HD 109246 b,+12:32:07.56,+74:29:22.79
HD 7924 b,+01:21:59.20,+76:42:37.32
HD 7924 c,+01:21:59.20,+76:42:37.32
HD 7924 d,+01:21:59.20,+76:42:37.32
HD 104985 b,+12:05:14.74,+76:54:21.45
gamma Cep b,+23:39:20.98,+77:37:55.08
HD 120084 b,+13:42:39.38,+78:03:51.57
HD 33564 b,+05:22:33.78,+79:13:50.72
CoRoT-18 b,06:32:41.379,-00:01:53.7
WASP-54 b,13:41:49.028,-00:07:41.0
CoRoT-19 b,06:28:08.059,-00:10:14.5
HD 130322 b,+14:47:32.80,-00:16:52.08
HD 217786 b,+23:03:08.26,-00:25:45.16
HIP 97233 b,+19:45:41.26,-00:41:47.46
HD 192263 b,+20:13:59.88,-00:52:03.05
24 Sex b,+10:23:28.33,-00:54:07.78
24 Sex c,+10:23:28.33,-00:54:07.78
75 Cet b,+02:32:09.44,-01:02:05.34
WASP-74 b,20:18:09.32,-01:04:32.6
HD 66428 b,+08:03:28.71,-01:09:43.93
HD 19994 b,+03:12:46.32,-01:11:45.36
CoRoT-12 b,06:43:03.762,-01:17:47.1
K2-3 b,11:29:20.388,-01:27:17.23
K2-3 c,11:29:20.388,-01:27:17.23
K2-3 d,11:29:20.388,-01:27:17.23
HD 99109 b,+11:24:17.46,-01:31:43.27
HD 72659 b,+08:34:03.26,-01:34:04.72
WASP-28 b,23:34:27.87,-01:34:48.2
HD 136118 b,+15:18:55.54,-01:35:32.80
WASP-57 b,14:55:16.820,-02:03:27.5
WASP-80 b,20:12:40.178,-02:08:39.1
HD 92788 b,+10:42:48.54,-02:10:59.57
HD 218566 b,+23:09:10.36,-02:15:37.83
HD 114783 b,+13:12:43.87,-02:15:54.23
HD 290327 b,+05:23:21.54,-02:16:38.58
HD 217107 b,+22:58:15.54,-02:23:43.25
HD 217107 c,+22:58:15.54,-02:23:43.25
HD 96063 b,+11:04:44.44,-02:30:47.43
HD 179079 b,+19:11:09.91,-02:38:17.40
HAT-P-46 b,18:01:46.608,-02:58:15.4
CoRoT-1 b,06:48:19.172,-03:06:07.6
HD 107148 b,+12:19:13.52,-03:19:10.82
HAT-P-45 b,18:17:29.578,-03:22:51.7
81 Cet b,+02:37:41.78,-03:23:45.84
WASP-39 b,14:29:18.408,-03:26:40.1
HD 16141 b,+02:35:20.02,-03:33:34.34
HD 86081 b,+09:56:05.96,-03:48:30.47
GJ 849 b,+22:09:39.68,-04:38:26.45
HD 100777 b,+11:35:51.53,-04:45:20.80
HD 7449 b,+01:14:29.42,-05:02:49.38
WASP-106 b,11:05:43.137,-05:04:45.
CoRoT-13 b,06:50:53.070,-05:05:11.1
WASP-69 b,21:00:06.193,-05:05:40.1
HD 126614 A b,+14:26:48.37,-05:10:38.71
HD 52265 b,+07:00:18.10,-05:22:02.49
CoRoT-14 b,06:53:41.810,-05:32:09.7
HD 30562 b,+04:48:36.20,-05:40:24.38
HD 2638 b,+00:29:59.93,-05:45:48.45
HD 222582 b,+23:41:51.62,-05:59:07.75
CoRoT-16 b,18:34:05.913,-06:00:09.3
WASP-35 b,05:04:19.626,-06:13:47.3
CoRoT-17 b,18:34:47.814,-06:36:44.1
Qatar-2 b,13:50:37.409,-06:48:14.4
WASP-77 A b,02:28:37.229,-07:03:38.4
WASP-103 b,16:37:15.57,07:11:00.07
HD 206610 b,+21:43:24.90,-07:24:29.73
HD 210277 b,+22:09:29.82,-07:32:51.22
GJ 581 b,+15:19:27.55,-07:43:19.34
GJ 581 c,+15:19:27.55,-07:43:19.34
GJ 581 e,+15:19:27.55,-07:43:19.34
WASP-36 b,08:46:19.298,-08:01:37.0
HD 1461 b,+00:18:41.62,-08:03:09.54
HD 6718 b,+01:07:48.55,-08:14:01.51
HD 1690 b,+00:21:13.32,-08:16:52.19
HD 38801 b,+05:47:59.21,-08:19:39.06
91 Aqr b,+23:15:53.28,-09:05:15.70
epsilon Eri b,+03:32:56.42,-09:27:29.90
HD 106270 b,+12:13:37.34,-09:30:47.80
BD -08 2823 b,+10:00:47.94,-09:31:00.27
BD -08 2823 c,+10:00:47.94,-09:31:00.27
HD 168443 b,+18:20:03.99,-09:35:42.64
HD 168443 c,+18:20:03.99,-09:35:42.64
WASP-43 b,10:19:38.008,-09:48:22.5
eta Cet b,+01:08:35.26,-10:10:54.94
eta Cet c,+01:08:35.26,-10:10:54.94
HD 11964 b,+01:57:09.82,-10:14:30.61
HD 11964 c,+01:57:09.82,-10:14:30.61
HD 96167 b,+11:05:15.10,-10:17:28.62
HD 28185 b,+04:26:26.27,-10:33:02.43
WASP-75 b,22:49:32.568,-10:40:31.9
HD 44219 b,+06:20:14.28,-10:43:29.89
BD -10 3166 b,10:58:28.780,-10:46:13.3
WASP-50 b,02:54:45.135,-10:53:53.0
HD 168746 b,+18:21:49.80,-11:55:21.05
WASP-44 b,00:15:36.770,-11:56:17.3
WASP-47 b,22:04:48.731,-12:01:07.9
HD 103774 b,+11:56:55.66,-12:06:28.30
HD 82943 b,+09:34:50.73,-12:07:44.84
HD 82943 c,+09:34:50.73,-12:07:44.84
HD 69830 b,+08:18:23.78,-12:37:47.17
HD 69830 c,+08:18:23.78,-12:37:47.17
HD 69830 d,+08:18:23.78,-12:37:47.17
HD 148427 b,+16:28:28.17,-13:23:58.72
WASP-70 A b,21:01:54.477,-13:25:59.7
NGC 2423 3 b,07:37:09.238,-13:54:23.9
HD 33142 b,+05:07:35.55,-13:59:11.63
GJ 876 c,+22:53:16.16,-14:15:43.41
GJ 876 d,+22:53:16.16,-14:15:43.41
GJ 876 e,+22:53:16.16,-14:15:43.41
WASP-26 b,00:18:24.701,-15:16:02.3
HD 86264 b,+09:56:57.85,-15:53:41.86
HIP 2247 b,+00:28:34.52,-16:13:32.84
WASP-49 b,06:04:21.474,-16:57:55.0
HD 212771 b,+22:27:03.12,-17:15:48.25
HD 125612 b,+14:20:53.55,-17:28:52.90
HD 125612 c,+14:20:53.55,-17:28:52.90
WASP-55 b,13:35:01.946,-17:30:12.7
61 Vir b,+13:18:24.97,-18:18:31.00
61 Vir c,+13:18:24.97,-18:18:31.00
61 Vir d,+13:18:24.97,-18:18:31.00
HD 141937 b,+15:52:17.49,-18:26:10.04
HIP 79431 b,+16:12:41.76,-18:52:29.97
WASP-89 b,20:55:35.98,-18:58:16.1
HATS-6 b,05:52:35.231,-19:01:53.
WASP-31 b,11:17:45.357,-19:03:17.2
7 CMa b,+06:36:41.00,-19:15:20.55
WASP-83 b,12:40:36.51,-19:17:03.4
WASP-68 b,20:20:22.98,-19:18:52.9
HD 156846 b,+17:20:34.40,-19:20:00.24
HD 11506 b,+01:52:50.52,-19:30:24.25
HD 11506 c,+01:52:50.52,-19:30:24.25
HD 1666 b,+00:20:52.34,-19:55:51.89
WASP-67 b,19:42:58.512,-19:56:58.4
HATS-9 b,19:23:14.28,-20:09:58.7
WASP-16 b,14:18:43.922,-20:16:31.8
HD 104067 b,+11:59:09.92,-20:21:09.90
HD 202206 b,+21:14:57.79,-20:47:20.11
HD 202206 c,+21:14:57.79,-20:47:20.11
HD 18742 b,+03:00:10.67,-20:48:09.18
HD 204941 b,+21:32:23.68,-20:57:25.63
HATS-5 b,04:28:53.47,-21:28:54.9
HD 204313 b,+21:28:12.18,-21:43:32.14
HD 204313 d,+21:28:12.18,-21:43:32.14
WASP-78 b,04:15:01.505,-22:06:59.1
HATS-10 b,19:37:13.80,-22:12:16.10
HD 60532 b,+07:34:03.21,-22:17:46.25
HD 60532 c,+07:34:03.21,-22:17:46.25
HD 224693 b,+23:59:53.74,-22:25:41.45
HIP 5158 b,+01:06:01.92,-22:27:10.41
HATS-4 b,06:16:26.898,-22:32:48.
HATS-2 b,11:46:57.370,-22:33:46.8
WASP-6 b,23:12:37.751,-22:40:26.1
HIP 12961 b,+02:46:42.70,-23:05:13.04
HATS-1 b,11:42:06.080,-23:21:17.4
GJ 317 b,08:40:59.240,-23:27:23.3
WASP-101 b,06:33:24.26,-23:29:10.2
HD 180902 b,+19:19:17.69,-23:33:29.18
HD 181342 b,+19:21:04.26,-23:37:10.19
WASP-22 b,03:31:16.324,-23:49:10.9
WASP-34 b,11:01:35.894,-23:51:38.3
WASP-20 b,00:20:38.53,-23:56:08.6
HD 98219 b,+11:17:47.64,-23:58:31.35
HD 4732 b,+00:49:13.90,-24:08:11.50
HD 4732 c,+00:49:13.90,-24:08:11.50
HD 179949 b,+19:15:33.15,-24:10:44.78
HD 30856 b,+04:50:17.85,-24:22:07.66
HATS-3 b,20:49:49.800,-24:25:43.7
GJ 3293 b,04:28:35.720,-25:10:08.
GJ 3293 c,04:28:35.720,-25:10:08.
HD 134987 b,+15:13:28.93,-25:18:32.99
HD 134987 c,+15:13:28.93,-25:18:32.99
HD 77338 b,+09:01:12.47,-25:31:35.06
HD 207832 b,+21:52:36.20,-26:01:34.36
HD 207832 c,+21:52:36.20,-26:01:34.36
WASP-61 b,05:01:11.916,-26:03:14.9
HD 4208 b,+00:44:26.45,-26:30:57.76
HD 216770 b,+22:55:53.56,-26:39:29.99
HD 33283 b,+05:08:00.98,-26:47:50.49
MOA-2009-BLG-319L b,18:06:58.000,-26:49:11.0
HD 192310 b,+20:15:16.58,-27:01:57.13
HD 192310 c,+20:15:16.58,-27:01:57.13
HD 145377 b,+16:11:36.43,-27:04:41.55
OGLE-2011-BLG-0251 b,17:38:14.18,-27:08:10.1
MOA-2007-BLG-192L b,18:08:03.798,-27:09:00.2
WASP-25 b,13:01:26.374,-27:31:19.9
HD 47186 b,+06:36:08.77,-27:37:17.97
HD 47186 c,+06:36:08.77,-27:37:17.97
WASP-17 b,15:59:50.947,-28:03:42.3
HD 171238 b,+18:34:43.69,-28:04:19.37
HD 164604 b,+18:03:06.95,-28:33:37.98
HD 20782 b,+03:20:03.35,-28:51:14.09
OGLE235-MOA53 b,18:05:16.350,-28:53:42.0
MOA-2007-BLG-400L b,18:09:41.980,-29:13:26.9
OGLE-TR-56 b,17:56:35.510,-29:32:21.2
Fomalhaut b,+22:57:38.83,-29:37:18.61
HD 90156 b,+10:23:55.30,-29:38:44.78
MOA-bin-1L b,17:51:10.000,-29:47:38.0
HD 169830 b,+18:27:49.48,-29:49:00.85
HD 169830 c,+18:27:49.48,-29:49:00.85
OGLE-TR-10 b,17:51:28.250,-29:52:34.9
HD 43197 b,+06:13:35.56,-29:53:50.29
HD 73256 b,+08:36:23.14,-30:02:16.03
OGLE-2006-BLG-109L b,17:52:34.550,-30:05:15.7
OGLE-2006-BLG-109L c,17:52:34.550,-30:05:15.7
WASP-72 b,02:44:09.600,-30:10:09.1
OGLE-05-390L b,17:54:19.200,-30:22:38.0
WASP-79 b,04:25:29.021,-30:36:01.5
WASP-41 b,12:42:28.497,-30:38:23.5
OGLE-05-169L b,18:06:05.320,-30:43:57.5
GJ 3634 b,10:58:35.133,-31:08:38.2
GJ 3341 b,05:15:46.680,-31:17:45.
MOA-2010-BLG-477L b,18:06:07.450,-31:27:16.5
HD 45364 b,+06:25:38.44,-31:28:51.33
HD 45364 c,+06:25:38.44,-31:28:51.33
HD 205739 b,+21:38:08.39,-31:44:14.23
HD 114729 b,+13:12:44.40,-31:52:21.36
WASP-15 b,13:55:42.705,-32:09:34.6
OGLE-2007-BLG-368L b,17:56:25.960,-32:14:14.7
GJ 433 b,+11:35:27.00,-32:32:16.44
WASP-64 b,06:44:27.610,-32:51:30.2
HD 181720 b,+19:22:52.92,-32:55:04.96
HD 93083 b,+10:44:20.98,-33:34:35.96
HD 20868 b,+03:20:42.49,-33:43:49.21
HD 50499 b,+06:52:02.07,-33:54:56.62
MOA-2009-BLG-387L b,17:53:50.800,-33:59:25.0
WASP-94 A b,20:55:07.949,-34:08:07.9
WASP-94 B b,20:55:07.949,-34:08:07.9
WASP-98 b,03:53:42.90,-34:19:41.7
HD 73267 b,+08:36:17.85,-34:27:37.00
HD 16417 b,+02:36:58.62,-34:34:38.44
OGLE-05-071L b,17:50:09.000,-34:40:23.0
MOA-2008-BLG-310L b,17:54:14.530,-34:46:40.9
WASP-66 b,10:32:54.001,-34:59:23.3
GJ 667 C b,17:18:58.838,-34:59:48.6
GJ 667 C c,17:18:58.838,-34:59:48.6
MOA-2009-BLG-266L b,17:48:06.000,-35:00:19.0
WASP-8 b,23:59:36.068,-35:01:52.8
HD 114386 b,+13:10:39.92,-35:03:14.37
HIP 67851 b,+13:53:52.27,-35:18:51.09
HD 190647 b,+20:07:19.69,-35:32:17.27
HD 117207 b,+13:29:21.26,-35:34:14.96
WASP-45 b,00:20:56.997,-35:59:53.8
HD 208487 b,+21:57:19.77,-37:45:48.00
HD 187085 b,+19:49:33.96,-37:46:49.07
HD 114613 b,+13:12:03.47,-37:48:11.29
HIP 105854 b,+21:26:22.75,-37:49:45.85
HD 4113 b,+00:43:12.56,-37:58:56.47
WASP-63 b,06:17:20.746,-38:19:23.8
HD 147513 b,+16:24:01.24,-39:11:34.76
WASP-7 b,20:44:10.219,-39:13:30.8
HD 6434 b,+01:04:40.28,-39:29:12.97
HD 70642 b,+08:21:28.29,-39:42:21.45
WASP-29 b,23:51:31.085,-39:54:24.2
HD 162020 b,+17:50:38.34,-40:19:05.84
HD 125595 b,+14:21:23.62,-40:23:37.62
HD 102365 b,+11:46:32.25,-40:30:04.80
HD 109749 b,+12:37:16.50,-40:48:43.57
HD 8535 b,+01:23:37.19,-41:16:10.67
WASP-5 b,23:57:23.759,-41:16:37.7
HD 73526 b,+08:37:16.53,-41:19:10.18
HD 73526 c,+08:37:16.53,-41:19:10.18
HD 75289 b,+08:47:40.41,-41:44:10.46
WASP-4 b,23:34:15.082,-42:03:41.1
WASP-42 b,12:51:55.571,-42:04:24.9
WASP-23 b,06:44:30.650,-42:45:41.0
HD 20794 b,+03:19:53.22,-43:04:17.58
HD 20794 c,+03:19:53.22,-43:04:17.58
HD 20794 d,+03:19:53.22,-43:04:17.58
HD 159868 b,+17:38:59.71,-43:08:42.37
HD 159868 c,+17:38:59.71,-43:08:42.37
HD 83443 b,+09:37:11.81,-43:16:18.88
HD 153950 b,+17:04:30.78,-43:18:33.93
HD 85512 b,+09:51:06.68,-43:30:05.90
HD 143361 b,+16:01:50.48,-44:26:03.29
WASP-19 b,09:53:40.077,-45:39:33.0
WASP-18 b,+01:37:25.01,-45:40:40.55
HD 148156 b,+16:28:17.25,-46:19:03.71
GJ 674 b,+17:28:39.46,-46:53:34.99
HD 117618 b,+13:32:25.53,-47:16:15.82
WASP-96 b,00:04:11.14,-47:21:38.2
HD 5388 b,+00:55:11.96,-47:24:19.92
WASP-95 b,22:29:49.73,-48:00:11.0
WASP-88 b,20:38:02.70,-48:27:43.2
HD 48265 b,+06:40:01.70,-48:32:31.30
HD 156411 b,+17:19:51.43,-48:32:55.71
tau Gru b,+22:53:37.74,-48:35:53.12
GJ 832 b,+21:33:34.02,-49:00:25.26
GJ 832 c,+21:33:34.02,-49:00:25.26
HD 142 b,+00:06:18.66,-49:04:30.34
HD 213240 b,+22:31:00.49,-49:25:58.08
HD 85390 b,+09:50:02.47,-49:47:24.44
HD 330075 b,+15:49:37.90,-49:57:47.87
CoRoT-28 b,18:34:45.21,5:34:25.72
WASP-99 b,02:39:35.44,-50:00:28.8
WASP-117 b,02:27:06.097,-50:17:04.
HD 103197 b,+11:52:53.05,-50:17:34.23
HD 28254 b,+04:24:50.77,-50:37:18.63
iota Hor b,+02:42:33.16,-50:48:02.98
GJ 86 b,+02:10:24.00,-50:49:31.13
beta Pic b,+05:47:17.08,-51:04:00.17
GJ 676 A b,+17:30:11.45,-51:38:11.49
mu Ara b,+17:44:08.72,-51:50:00.92
mu Ara c,+17:44:08.72,-51:50:00.92
mu Ara d,+17:44:08.72,-51:50:00.92
HD 23079 b,+03:39:43.28,-52:54:56.21
GJ 163 b,+04:09:14.65,-53:22:30.41
GJ 163 c,+04:09:14.65,-53:22:30.41
GJ 163 d,+04:09:14.65,-53:22:30.41
HD 10647 b,+01:42:29.15,-53:44:26.07
HD 63765 b,+07:47:49.57,-54:15:48.48
WASP-97 b,01:38:25.04,-55:46:19.4
WASP-46 b,21:14:56.861,-55:52:18.4
HD 121504 b,+13:57:17.50,-56:02:23.42
HD 154672 b,+17:10:04.88,-56:26:56.28
HD 215497 b,+22:46:36.81,-56:35:57.79
HD 215497 c,+22:46:36.81,-56:35:57.79
HD 2039 b,+00:24:20.19,-56:39:00.30
HD 154857 b,+17:11:15.63,-56:40:50.38
HD 154857 c,+17:11:15.63,-56:40:50.38
HD 101930 b,+11:43:30.09,-58:00:27.83
HD 30177 b,+04:41:54.30,-58:01:14.62
WASP-73 b,21:19:47.91,-58:08:56.0
HD 221287 b,+23:31:20.14,-58:12:34.99
HD 102117 b,+11:44:50.53,-58:42:12.74
epsilon Ret b,+04:16:29.08,-59:18:06.30
HD 27894 b,+04:20:46.84,-59:24:41.40
CoRoT-29 b,18:35:36.50,6:28:46.99
HD 40307 b,+05:54:04.30,-60:01:23.97
HD 40307 c,+05:54:04.30,-60:01:23.97
HD 40307 d,+05:54:04.30,-60:01:23.97
HD 23127 b,+03:39:23.55,-60:04:41.49
HD 142415 b,+15:57:40.92,-60:12:00.03
HD 10180 c,+01:37:53.59,-60:30:41.55
HD 10180 d,+01:37:53.59,-60:30:41.55
HD 10180 e,+01:37:53.59,-60:30:41.55
HD 10180 f,+01:37:53.59,-60:30:41.55
HD 10180 g,+01:37:53.59,-60:30:41.55
HD 10180 h,+01:37:53.59,-60:30:41.55
HD 196050 b,+20:37:51.94,-60:38:03.57
alpha Cen B b,+14:39:39.39,-60:50:22.13
OGLE-TR-182 b,11:09:18.710,-61:05:42.9
OGLE2-TR-L9 b,11:07:55.181,-61:08:46.5
OGLE-TR-111 b,10:53:17.910,-61:24:20.3
HD 147018 b,+16:23:00.37,-61:41:16.78
HD 147018 c,+16:23:00.37,-61:41:16.78
NGC 4349 127 b,12:24:35.474,-61:49:11.6
OGLE-TR-132 b,10:50:34.720,-61:57:25.9
OGLE-TR-211 b,10:40:14.390,-62:27:20.2
HD 65216 b,+07:53:41.48,-63:38:51.64
WASP-62 b,05:48:33.594,-63:59:18.2
HD 108147 b,+12:25:46.51,-64:01:18.98
WASP-100 b,04:35:50.32,-64:01:37.3
HD 25171 b,+03:55:49.24,-65:11:12.74
HD 4308 b,+00:44:39.04,-65:38:51.78
HD 7199 b,+01:10:47.06,-66:11:16.31
HD 181433 b,+19:25:09.90,-66:28:09.74
HD 181433 c,+19:25:09.90,-66:28:09.74
HD 181433 d,+19:25:09.90,-66:28:09.74
HD 76700 b,+08:53:55.93,-66:48:04.63
HD 11977 b,+01:54:56.01,-67:38:50.93
HD 111232 b,+12:48:51.71,-68:25:31.53
HD 95086 b,+10:57:03.09,-68:40:02.56
HD 175167 b,+19:00:00.85,-69:56:37.59
HD 216437 b,+22:54:39.56,-70:04:25.99
HD 108341 b,+12:27:31.62,-71:25:23.73
HD 131664 b,+15:00:06.04,-73:32:07.47
HD 38283 b,+05:37:01.73,-73:41:56.70
HD 212301 b,+22:27:30.71,-77:43:03.72
HD 63454 b,+07:39:21.91,-78:16:43.95
HD 1237 b,+00:16:11.24,-79:51:03.75
HD 137388 b,+15:35:40.09,-80:12:16.90
HD 39091 b,+05:37:08.79,-80:28:18.03
HD 142022 b,+16:10:16.98,-84:13:53.53